{
  "sample_rate": 0.2168256721595837,
  "period_count": 4,
  "timestamps": [
    0.0,
    4.46261967814219,
    9.160114076186595,
    13.857608474231007,
    18.320228152373193,
    23.017722550417602,
    27.715216948462015,
    32.41271134650642,
    36.8753310246486,
    41.572825422693015,
    46.27031982073742,
    50.73293949887961,
    55.43043389692403,
    60.12792829496843,
    64.82542269301284,
    69.28804237115503,
    73.98553676919943,
    78.68303116724384,
    83.14565084538603,
    87.84314524343044,
    92.54063964147484,
    97.23813403951925,
    101.70075371766144,
    106.39824811570585,
    111.09574251375025,
    115.55836219189244,
    120.25585658993685,
    124.95335098798125,
    129.65084538602568,
    134.11346506416785,
    138.81095946221228,
    143.50845386025668,
    147.97107353839885,
    152.66856793644328,
    157.36606233448768,
    162.06355673253208,
    166.52617641067428,
    171.22367080871868,
    175.9211652067631,
    180.38378488490528,
    185.08127928294968,
    189.7787736809941,
    194.4762680790385,
    198.9388877571807,
    203.6363821552251,
    208.3338765532695,
    212.7964962314117,
    217.4939906294561,
    222.1914850275005,
    226.88897942554493,
    231.3515991036871,
    236.04909350173153,
    240.74658789977593,
    245.2092075779181,
    249.9067019759625,
    254.60419637400696,
    259.30169077205136,
    263.76431045019353,
    268.46180484823793,
    273.15929924628233,
    277.62191892442456,
    282.31941332246896,
    287.01690772051336,
    291.71440211855776,
    296.17702179669993,
    300.87451619474433,
    305.5720105927888,
    310.03463027093096,
    314.73212466897536,
    319.42961906701976,
    324.12711346506416,
    328.5897331432064,
    333.2872275412508,
    337.9847219392952,
    342.44734161743736,
    347.14483601548176,
    351.8423304135262,
    356.5398248115706,
    361.0024444897128,
    365.6999388877572,
    370.3974332858016,
    374.8600529639438,
    379.5575473619882,
    384.2550417600326,
    388.952536158077,
    393.4151558362192,
    398.1126502342636,
    402.81014463230804,
    407.2727643104502,
    411.9702587084946,
    416.667753106539,
    421.3652475045834,
    425.82786718272564,
    430.52536158077004,
    435.22285597881444,
    439.6854756569566,
    444.382970055001,
    449.08046445304547,
    453.77795885108986,
    458.24057852923204,
    462.93807292727644,
    467.63556732532084,
    472.09818700346307,
    476.79568140150747,
    481.49317579955186,
    486.19067019759626,
    490.65328987573844,
    495.35078427378284,
    500.04827867182735,
    504.51089834996947,
    509.2083927480139,
    513.9058871460583,
    518.6033815441027,
    523.0660012222448,
    527.7634956202893,
    532.4609900183337,
    536.9236096964759,
    541.6211040945203,
    546.3185984925647,
    551.0160928906091,
    555.4787125687512,
    560.1762069667957,
    564.8737013648401,
    569.3363210429823,
    574.0338154410267,
    578.7313098390711,
    583.4288042371155,
    587.8914239152577,
    592.5889183133021,
    597.2864127113465,
    601.7490323894887,
    606.4465267875331,
    611.1440211855776,
    615.8415155836219,
    620.3041352617641,
    625.0016296598085,
    629.6991240578529,
    634.1617437359952,
    638.8592381340395,
    643.556732532084,
    648.2542269301283,
    652.7168466082705,
    657.414341006315,
    662.1118354043593,
    666.5744550825016,
    671.2719494805459,
    675.9694438785904,
    680.6669382766348,
    685.1295579547769,
    689.8270523528214,
    694.5245467508657,
    698.987166429008,
    703.6846608270524,
    708.3821552250968,
    713.0796496231412,
    717.5422693012833,
    722.2397636993278,
    726.9372580973723,
    731.3998777755144,
    736.0973721735588,
    740.7948665716032,
    745.4923609696476,
    749.9549806477899,
    754.6524750458342,
    759.3499694438786,
    763.8125891220208,
    768.5100835200652,
    773.2075779181096,
    777.905072316154,
    782.3676919942963,
    787.0651863923406,
    791.762680790385,
    796.2253004685272,
    800.9227948665716,
    805.6202892646161,
    810.3177836626604,
    814.7804033408026,
    819.477897738847,
    824.1753921368914,
    828.6380118150337,
    833.335506213078,
    838.0330006111225,
    842.7304950091668,
    847.193114687309,
    851.8906090853535,
    856.5881034833978,
    861.0507231615401,
    865.7482175595844,
    870.4457119576289,
    875.1432063556733,
    879.6058260338154,
    884.3033204318599,
    889.0008148299042,
    893.4634345080465,
    898.1609289060909,
    902.8584233041353,
    907.5559177021797,
    912.0185373803218,
    916.7160317783663,
    921.4135261764108,
    925.8761458545529,
    930.5736402525973,
    935.2711346506417,
    939.9686290486861,
    944.4312487268284,
    949.1287431248727,
    953.8262375229172,
    958.2888572010593,
    962.9863515991037,
    967.6838459971482,
    972.3813403951925,
    976.8439600733348,
    981.5414544713791,
    986.2389488694236,
    990.7015685475657,
    995.3990629456101,
    1000.0965573436546,
    1004.7940517416989,
    1009.2566714198412,
    1013.9541658178855,
    1018.65166021593,
    1023.1142798940723,
    1027.8117742921165,
    1032.509268690161,
    1037.2067630882054,
    1041.6693827663476,
    1046.366877164392,
    1051.0643715624365,
    1055.5269912405786,
    1060.224485638623,
    1064.9219800366675,
    1069.6194744347117,
    1074.082094112854,
    1078.7795885108983,
    1083.4770829089427,
    1087.939702587085,
    1092.6371969851293,
    1097.3346913831738,
    1102.0321857812182,
    1106.4948054593604,
    1111.1922998574048,
    1115.8897942554493,
    1120.3524139335914,
    1125.0499083316358,
    1129.7474027296803,
    1134.4448971277245,
    1138.9075168058669,
    1143.6050112039113,
    1148.3025056019555,
    1153.0
  ],