{
  "sample_rate": 0.23084025854108955,
  "period_count": 4,
  "timestamps": [
    0.0,
    3.8706218727662645,
    8.515368120085775,
    12.38598999285204,
    17.03073624017155,
    21.675482487491067,
    25.54610436025733,
    30.19085060757684,
    34.0614724803431,
    38.706218727662616,
    43.35096497498213,
    47.2215868477484,
    51.866333095067915,
    56.51107934238742,
    60.38170121515368,
    65.0264474624732,
    68.89706933523946,
    73.54181558255897,
    78.18656182987849,
    82.05718370264475,
    86.70192994996427,
    90.57255182273052,
    95.21729807005003,
    99.86204431736957,
    103.73266619013583,
    108.37741243745535,
    113.02215868477484,
    116.8927805575411,
    121.53752680486062,
    125.40814867762688,
    130.0528949249464,
    134.69764117226592,
    138.56826304503218,
    143.21300929235167,
    147.8577555396712,
    151.72837741243745,
    156.37312365975697,
    160.24374553252323,
    164.88849177984275,
    169.53323802716227,
    173.40385989992853,
    178.04860614724805,
    181.9192280200143,
    186.5639742673338,
    191.20872051465332,
    195.0793423874196,
    199.7240886347391,
    204.36883488205862,
    208.2394567548249,
    212.8842030021444,
    216.75482487491067,
    221.39957112223016,
    226.04431736954967,
    229.91493924231594,
    234.55968548963546,
    239.20443173695497,
    243.07505360972124,
    247.71979985704075,
    251.59042172980702,
    256.23516797712654,
    260.87991422444605,
    264.7505360972123,
    269.39528234453184,
    273.2659042172981,
    277.91065046461756,
    282.5553967119371,
    286.42601858470334,
    291.07076483202286,
    295.7155110793424,
    299.58613295210864,
    304.23087919942816,
    308.1015010721944,
    312.74624731951394,
    317.39099356683346,
    321.2616154395997,
    325.90636168691924,
    330.55110793423876,
    334.421729807005,
    339.06647605432454,
    342.9370979270908,
    347.5818441744103,
    352.22659042172984,
    356.0972122944961,
    360.74195854181556,
    364.6125804145818,
    369.25732666190135,
    373.90207290922086,
    377.7726947819871,
    382.41744102930664,
    387.06218727662616,
    390.9328091493924,
    395.57755539671194,
    399.4481772694782,
    404.0929235167977,
    408.73766976411724,
    412.6082916368835,
    417.253037884203,
    421.1236597569693,
    425.7684060042888,
    430.4131522516083,
    434.2837741243746,
    438.92852037169405,
    443.57326661901357,
    447.44388849177983,
    452.08863473909935,
    455.9592566118656,
    460.60400285918513,
    465.24874910650465,
    469.1193709792709,
    473.76411722659043,
    478.40886347390995,
    482.2794853466762,
    486.9242315939957,
    490.794853466762,
    495.4395997140815,
    500.084345961401,
    503.9549678341673,
    508.5997140814868,
    512.4703359542531,
    517.1150822015726,
    521.7598284488921,
    525.6304503216584,
    530.2751965689779,
    534.9199428162974,
    538.7905646890637,
    543.4353109363832,
    547.3059328091495,
    551.950679056469,
    556.5954253037884,
    560.4660471765546,
    565.1107934238742,
    569.7555396711937,
    573.6261615439599,
    578.2709077912795,
    582.1415296640457,
    586.7862759113652,
    591.4310221586848,
    595.301644031451,
    599.9463902787705,
    603.8170121515368,
    608.4617583988563,
    613.1065046461758,
    616.9771265189421,
    621.6218727662616,
    626.2666190135811,
    630.1372408863474,
    634.7819871336669,
    638.6526090064332,
    643.2973552537527,
    647.9421015010722,
    651.8127233738385,
    656.457469621158,
    661.1022158684775,
    664.9728377412438,
    669.6175839885633,
    673.4882058613296,
    678.1329521086491,
    682.7776983559686,
    686.6483202287349,
    691.2930664760544,
    695.1636883488206,
    699.8084345961402,
    704.4531808434597,
    708.3238027162259,
    712.9685489635455,
    717.6132952108649,
    721.4839170836311,
    726.1286633309506,
    729.9992852037169,
    734.6440314510364,
    739.288777698356,
    743.1593995711222,
    747.8041458184417,
    751.674767691208,
    756.3195139385275,
    760.964260185847,
    764.8348820586133,
    769.4796283059328,
    774.1243745532523,
    777.9949964260186,
    782.6397426733381,
    786.5103645461044,
    791.1551107934239,
    795.7998570407434,
    799.6704789135097,
    804.3152251608292,
    808.9599714081487,
    812.830593280915,
    817.4753395282345,
    821.3459614010007,
    825.9907076483203,
    830.6354538956398,
    834.506075768406,
    839.1508220157256,
    843.0214438884918,
    847.6661901358113,
    852.3109363831309,
    856.1815582558971,
    860.8263045032166,
    865.4710507505362,
    869.3416726233024,
    873.9864188706218,
    877.8570407433881,
    882.5017869907076,
    887.1465332380271,
    891.0171551107934,
    895.6619013581129,
    900.3066476054324,
    904.1772694781987,
    908.8220157255182,
    912.6926375982845,
    917.337383845604,
    921.9821300929235,
    925.8527519656898,
    930.4974982130093,
    934.3681200857756,
    939.0128663330951,
    943.6576125804146,
    947.5282344531809,
    952.1729807005004,
    956.8177269478199,
    960.6883488205862,
    965.3330950679057,
    969.2037169406719,
    973.8484631879915,
    978.493209435311,
    982.3638313080772,
    987.0085775553968,
    991.6533238027163,
    995.5239456754825,
    1000.168691922802,
    1004.0393137955684,
    1008.6840600428877,
    1013.3288062902075,
    1017.1994281629736,
    1021.8441744102931,
    1025.7147962830593,
    1030.3595425303788,
    1035.0042887776983,
    1038.8749106504647,
    1043.5196568977842,
    1048.1644031451037,
    1052.0350250178699,
    1056.6797712651894,
    1060.5503931379558,
    1065.1951393852753,
    1069.8398856325948,
    1073.710507505361,
    1078.3552537526805,
    1083.0
  ],