{
  "sample_rate": 0.22381378692927484,
  "period_count": 4,
  "timestamps": [
    0.0,
    4.053395541731469,
    8.685847589424572,
    13.318299637117676,
    17.371695178849144,
    22.00414722654225,
    26.63659927423535,
    31.26905132192846,
    35.32244686365993,
    39.954898911353034,
    44.58735095904614,
    49.21980300673924,
    53.2731985484707,
    57.90565059616381,
    62.53810264385692,
    67.17055469155002,
    71.2239502332815,
    75.85640228097459,
    80.4888543286677,
    85.1213063763608,
    89.17470191809228,
    93.80715396578537,
    98.43960601347848,
    103.07205806117159,
    107.12545360290306,
    111.75790565059617,
    116.39035769828928,
    121.02280974598239,
    125.07620528771383,
    129.70865733540694,
    134.34110938310005,
    138.97356143079315,
    143.02695697252463,
    147.65940902021774,
    152.29186106791084,
    156.92431311560395,
    160.9777086573354,
    165.6101607050285,
    170.2426127527216,
    174.87506480041472,
    178.9284603421462,
    183.5609123898393,
    188.1933644375324,
    192.82581648522552,
    196.87921202695696,
    201.51166407465007,
    206.14411612234318,
    210.77656817003628,
    214.82996371176776,
    219.46241575946087,
    224.09486780715397,
    228.72731985484708,
    232.78071539657853,
    237.41316744427164,
    242.04561949196477,
    246.67807153965782,
    250.73146708138933,
    255.36391912908243,
    259.99637117677554,
    264.62882322446865,
    268.6822187662001,
    273.3146708138932,
    277.9471228615863,
    282.5795749092794,
    286.63297045101086,
    291.26542249870397,
    295.8978745463971,
    300.5303265940902,
    304.5837221358217,
    309.2161741835148,
    313.8486262312079,
    318.481078278901,
    322.53447382063246,
    327.16692586832556,
    331.79937791601867,
    336.4318299637118,
    340.4852255054432,
    345.11767755313633,
    349.75012960082944,
    354.38258164852255,
    358.435977190254,
    363.0684292379471,
    367.7008812856402,
    372.3333333333333,
    376.3867288750648,
    381.0191809227579,
    385.65163297045103,
    389.7050285121825,
    394.3374805598756,
    398.9699326075687,
    403.6023846552618,
    407.65578019699325,
    412.28823224468636,
    416.92068429237946,
    421.55313634007257,
    425.6065318818041,
    430.2389839294971,
    434.87143597719023,
    439.50388802488334,
    443.55728356661484,
    448.18973561430795,
    452.82218766200106,
    457.45463970969416,
    461.5080352514256,
    466.1404872991187,
    470.7729393468118,
    475.40539139450493,
    479.4587869362364,
    484.0912389839295,
    488.7236910316226,
    493.3561430793157,
    497.4095386210472,
    502.04199066874025,
    506.6744427164333,
    511.30689476412647,
    515.3602903058579,
    519.9927423535511,
    524.6251944012441,
    529.2576464489373,
    533.3110419906687,
    537.9434940383618,
    542.575946086055,
    547.208398133748,
    551.2617936754796,
    555.8942457231726,
    560.5266977708658,
    565.1591498185588,
    569.2125453602903,
    573.8449974079834,
    578.4774494556765,
    583.1099015033697,
    587.1632970451011,
    591.7957490927942,
    596.4282011404873,
    601.0606531881804,
    605.1140487299119,
    609.746500777605,
    614.378952825298,
    619.0114048729912,
    623.0648004147226,
    627.6972524624158,
    632.3297045101089,
    636.962156557802,
    641.0155520995335,
    645.6480041472265,
    650.2804561949197,
    654.9129082426127,
    658.9663037843442,
    663.5987558320373,
    668.2312078797304,
    672.8636599274236,
    676.917055469155,
    681.5495075168482,
    686.1819595645412,
    690.8144116122343,
    694.8678071539658,
    699.5002592016589,
    704.132711249352,
    708.7651632970451,
    712.8185588387765,
    717.4510108864697,
    722.0834629341628,
    726.7159149818559,
    730.7693105235874,
    735.4017625712804,
    740.0342146189736,
    744.6666666666666,
    748.7200622083982,
    753.3525142560912,
    757.9849663037844,
    762.0383618455159,
    766.6708138932089,
    771.3032659409021,
    775.9357179885951,
    779.9891135303266,
    784.6215655780197,
    789.2540176257128,
    793.8864696734059,
    797.9398652151374,
    802.5723172628304,
    807.2047693105236,
    811.8372213582167,
    815.8906168999482,
    820.5230689476413,
    825.1555209953344,
    829.7879730430275,
    833.8413685847589,
    838.4738206324521,
    843.1062726801451,
    847.7387247278383,
    851.7921202695698,
    856.4245723172628,
    861.057024364956,
    865.689476412649,
    869.7428719543805,
    874.3753240020736,
    879.0077760497667,
    883.6402280974598,
    887.6936236391913,
    892.3260756868845,
    896.9585277345775,
    901.5909797822707,
    905.6443753240021,
    910.2768273716952,
    914.9092794193883,
    919.5417314670814,
    923.5951270088128,
    928.227579056506,
    932.860031104199,
    937.4924831518922,
    941.5458786936236,
    946.1783307413167,
    950.8107827890099,
    955.4432348367029,
    959.4966303784345,
    964.1290824261275,
    968.7615344738207,
    973.3939865215137,
    977.4473820632452,
    982.0798341109384,
    986.7122861586314,
    991.3447382063246,
    995.398133748056,
    1000.0305857957491,
    1004.6630378434422,
    1009.2954898911353,
    1013.3488854328666,
    1017.9813374805599,
    1022.6137895282529,
    1027.246241575946,
    1031.2996371176775,
    1035.9320891653706,
    1040.5645412130639,
    1045.196993260757,
    1049.2503888024883,
    1053.8828408501815,
    1058.5152928978746,
    1063.1477449455676,
    1067.2011404872992,
    1071.8335925349922,
    1076.4660445826853,
    1081.0984966303783,
    1085.15189217211,
    1089.784344219803,
    1094.416796267496,
    1099.0492483151893,
    1103.1026438569206,
    1107.735095904614,
    1112.367547952307,
    1117.0
  ],