{
  "sample_rate": 0.3429355281207133,
  "period_count": 3,
  "timestamps": [
    0.0,
    2.631768953068592,
    5.639504899432698,
    8.647240845796802,
    11.654976792160909,
    14.2867457452295,
    17.294481691593603,
    20.30221763795771,
    23.309953584321818,
    26.317689530685925,
    28.949458483754512,
    31.95719443011862,
    34.96493037648272,
    37.97266632284683,
    40.980402269210934,
    43.61217122227952,
    46.61990716864363,
    49.627643115007736,
    52.63537906137184,
    55.26714801444044,
    58.274883960804544,
    61.28261990716865,
    64.29035585353274,
    67.29809179989685,
    69.92986075296544,
    72.93759669932955,
    75.94533264569365,
    78.95306859205776,
    81.96080453842187,
    84.59257349149046,
    87.60030943785456,
    90.60804538421867,
    93.61578133058278,
    96.24755028365136,
    99.25528623001547,
    102.26302217637958,
    105.27075812274369,
    108.27849406910778,
    110.91026302217638,
    113.91799896854049,
    116.92573491490458,
    119.93347086126869,
    122.9412068076328,
    125.57297576070138,
    128.5807117070655,
    131.5884476534296,
    134.5961835997937,
    137.2279525528623,
    140.2356884992264,
    143.2434244455905,
    146.2511603919546,
    149.25889633831872,
    151.8906652913873,
    154.89840123775141,
    157.90613718411552,
    160.91387313047963,
    163.92160907684374,
    166.55337802991232,
    169.56111397627643,
    172.56884992264054,
    175.57658586900465,
    178.58432181536875,
    181.21609076843734,
    184.22382671480145,
    187.23156266116555,
    190.23929860752966,
    192.87106756059825,
    195.87880350696236,
    198.88653945332646,
    201.89427539969057,
    204.90201134605465,
    207.53378029912326,
    210.54151624548737,
    213.54925219185145,
    216.55698813821556,
    219.56472408457967,
    222.19649303764825,
    225.20422898401236,
    228.21196493037647,
    231.21970087674057,
    233.85146982980916,
    236.85920577617327,
    239.86694172253738,
    242.87467766890148,
    245.8824136152656,
    248.51418256833415,
    251.5219185146983,
    254.52965446106236,
    257.5373904074265,
    260.5451263537906,
    263.1768953068592,
    266.1846312532233,
    269.1923671995874,
    272.2001031459515,
    274.83187209902013,
    277.83960804538424,
    280.8473439917483,
    283.8550799381124,
    286.8628158844765,
    289.4945848375451,
    292.5023207839092,
    295.51005673027333,
    298.51779267663744,
    301.52552862300155,
    304.1572975760701,
    307.1650335224342,
    310.1727694687983,
    313.18050541516243,
    316.18824136152654,
    318.82001031459515,
    321.82774626095926,
    324.83548220732337,
    327.8432181536875,
    330.47498710675603,
    333.48272305312014,
    336.49045899948425,
    339.49819494584835,
    342.50593089221246,
    345.1376998452811,
    348.1454357916452,
    351.1531717380093,
    354.1609076843734,
    357.1686436307375,
    359.80041258380606,
    362.8081485301702,
    365.8158844765343,
    368.8236204228984,
    371.455389375967,
    374.4631253223311,
    377.4708612686952,
    380.4785972150593,
    383.48633316142343,
    386.118102114492,
    389.1258380608561,
    392.1335740072202,
    395.1413099535843,
    398.1490458999484,
    400.78081485301703,
    403.78855079938114,
    406.7962867457452,
    409.8040226921093,
    412.4357916451779,
    415.443527591542,
    418.45126353790613,
    421.45899948427024,
    424.46673543063434,
    427.0985043837029,
    430.106240330067,
    433.1139762764311,
    436.1217122227952,
    439.12944816915933,
    441.76121712222795,
    444.76895306859205,
    447.77668901495616,
    450.78442496132027,
    453.7921609076844,
    456.42392986075293,
    459.43166580711704,
    462.43940175348115,
    465.44713769984526,
    468.0789066529139,
    471.086642599278,
    474.0943785456421,
    477.1021144920062,
    480.1098504383703,
    482.74161939143886,
    485.74935533780297,
    488.7570912841671,
    491.7648272305312,
    494.7725631768953,
    497.4043321299639,
    500.412068076328,
    503.4198040226921,
    506.42753996905617,
    509.0593089221247,
    512.0670448684889,
    515.074780814853,
    518.0825167612171,
    521.0902527075812,
    523.7220216606498,
    526.7297576070139,
    529.737493553378,
    532.7452294997421,
    535.7529654461063,
    538.3847343991748,
    541.3924703455389,
    544.400206291903,
    547.4079422382671,
    550.0397111913358,
    553.0474471376998,
    556.055183084064,
    559.062919030428,
    562.0706549767922,
    564.7024239298607,
    567.7101598762248,
    570.717895822589,
    573.725631768953,
    576.7333677153172,
    579.3651366683857,
    582.3728726147499,
    585.380608561114,
    588.3883445074781,
    591.3960804538422,
    594.0278494069107,
    597.0355853532749,
    600.0433212996389,
    603.0510572460031,
    605.6828261990717,
    608.6905621454358,
    611.6982980917999,
    614.706034038164,
    617.7137699845281,
    620.3455389375966,
    623.3532748839608,
    626.3610108303249,
    629.368746776689,
    632.3764827230531,
    635.0082516761217,
    638.0159876224858,
    641.02372356885,
    644.031459515214,
    646.6632284682826,
    649.6709644146467,
    652.6787003610108,
    655.686436307375,
    658.694172253739,
    661.3259412068077,
    664.3336771531717,
    667.3414130995358,
    670.3491490458999,
    673.356884992264,
    675.9886539453327,
    678.9963898916967,
    682.0041258380609,
    685.0118617844249,
    687.6436307374935,
    690.6513666838576,
    693.6591026302217,
    696.6668385765859,
    699.6745745229499,
    702.3063434760186,
    705.3140794223826,
    708.3218153687468,
    711.3295513151108,
    714.337287261475,
    716.9690562145436,
    719.9767921609076,
    722.9845281072718,
    725.9922640536358,
    729.0
  ],