{
  "sample_rate": 0.2944640753828033,
  "period_count": 4,
  "timestamps": [
    0.0,
    3.3613252760991874,
    6.722650552198375,
    10.083975828297563,
    13.622212961033549,
    16.983538237132738,
    20.344863513231925,
    23.70618878933111,
    27.244425922067098,
    30.605751198166285,
    33.967076474265475,
    37.50531360700146,
    40.86663888310065,
    44.227964159199836,
    47.58928943529902,
    51.12752656803501,
    54.488851844134196,
    57.85017712023338,
    61.21150239633257,
    64.74973952906856,
    68.11106480516774,
    71.47239008126694,
    75.01062721400292,
    78.3719524901021,
    81.7332777662013,
    85.09460304230048,
    88.63284017503646,
    91.99416545113566,
    95.35549072723485,
    98.71681600333403,
    102.25505313607002,
    105.61637841216921,
    108.97770368826839,
    112.51594082100438,
    115.87726609710357,
    119.23859137320275,
    122.59991664930195,
    126.13815378203793,
    129.49947905813713,
    132.8608043342363,
    136.2221296103355,
    139.76036674307147,
    143.12169201917067,
    146.48301729526986,
    150.02125442800585,
    153.38257970410504,
    156.7439049802042,
    160.1052302563034,
    163.6434673890394,
    167.00479266513858,
    170.36611794123777,
    173.72744321733694,
    177.26568035007293,
    180.62700562617212,
    183.98833090227131,
    187.5265680350073,
    190.8878933111065,
    194.2492185872057,
    197.61054386330485,
    201.14878099604084,
    204.51010627214004,
    207.87143154823923,
    211.23275682433842,
    214.7709939570744,
    218.13231923317358,
    221.49364450927277,
    225.03188164200876,
    228.39320691810795,
    231.75453219420714,
    235.11585747030634,
    238.65409460304232,
    242.0154198791415,
    245.37674515524068,
    248.73807043133988,
    252.27630756407586,
    255.63763284017506,
    258.99895811627425,
    262.5371952490102,
    265.8985205251094,
    269.2598458012086,
    272.6211710773078,
    276.15940821004375,
    279.52073348614294,
    282.88205876224214,
    286.24338403834133,
    289.78162117107735,
    293.1429464471765,
    296.5042717232757,
    300.0425088560117,
    303.4038341321109,
    306.7651594082101,
    310.1264846843092,
    313.66472181704523,
    317.0260470931444,
    320.3873723692436,
    323.7486976453428,
    327.2869347780788,
    330.64826005417797,
    334.00958533027716,
    337.5478224630131,
    340.9091477391123,
    344.2704730152115,
    347.6317982913107,
    351.1700354240467,
    354.53136070014585,
    357.89268597624505,
    361.25401125234424,
    364.79224838508026,
    368.15357366117945,
    371.51489893727864,
    375.0531360700146,
    378.4144613461138,
    381.775786622213,
    385.1371118983122,
    388.67534903104814,
    392.03667430714734,
    395.39799958324653,
    398.7593248593457,
    402.2975619920817,
    405.6588872681809,
    409.02021254428007,
    412.5584496770161,
    415.9197749531153,
    419.2811002292144,
    422.6424255053136,
    426.1806626380496,
    429.5419879141488,
    432.903313190248,
    436.26463846634715,
    439.80287559908317,
    443.16420087518236,
    446.52552615128155,
    450.0637632840175,
    453.4250885601167,
    456.7864138362159,
    460.1477391123151,
    463.68597624505105,
    467.04730152115025,
    470.40862679724944,
    473.76995207334863,
    477.30818920608465,
    480.6695144821838,
    484.030839758283,
    487.569076891019,
    490.9304021671182,
    494.2917274432174,
    497.6530527193165,
    501.19128985205253,
    504.55261512815173,
    507.9139404042509,
    511.2752656803501,
    514.8135028130861,
    518.1748280891853,
    521.5361533652845,
    525.0743904980204,
    528.4357157741197,
    531.7970410502188,
    535.1583663263181,
    538.696603459054,
    542.0579287351532,
    545.4192540112524,
    548.7805792873515,
    552.3188164200875,
    555.6801416961868,
    559.0414669722859,
    562.579704105022,
    565.9410293811211,
    569.3023546572202,
    572.6636799333195,
    576.2019170660554,
    579.5632423421547,
    582.9245676182538,
    586.285892894353,
    589.824130027089,
    593.1854553031882,
    596.5467805792874,
    600.0850177120234,
    603.4463429881225,
    606.8076682642218,
    610.1689935403209,
    613.7072306730569,
    617.0685559491561,
    620.4298812252553,
    623.7912065013545,
    627.3294436340905,
    630.6907689101896,
    634.0520941862889,
    637.5903313190248,
    640.9516565951241,
    644.3129818712232,
    647.6743071473223,
    651.2125442800584,
    654.5738695561575,
    657.9351948322568,
    661.2965201083559,
    664.8347572410919,
    668.1960825171911,
    671.5574077932903,
    675.0956449260262,
    678.4569702021255,
    681.8182954782246,
    685.1796207543239,
    688.7178578870598,
    692.079183163159,
    695.4405084392582,
    698.8018337153574,
    702.3400708480934,
    705.7013961241926,
    709.0627214002917,
    712.6009585330278,
    715.9622838091269,
    719.3236090852262,
    722.6849343613253,
    726.2231714940613,
    729.5844967701605,
    732.9458220462597,
    736.3071473223589,
    739.8453844550949,
    743.206709731194,
    746.5680350072932,
    750.1062721400292,
    753.4675974161283,
    756.8289226922276,
    760.1902479683267,
    763.7284851010628,
    767.0898103771619,
    770.4511356532612,
    773.8124609293603,
    777.3506980620963,
    780.7120233381955,
    784.0733486142947,
    787.6115857470306,
    790.9729110231299,
    794.334236299229,
    797.6955615753283,
    801.2337987080642,
    804.5951239841634,
    807.9564492602626,
    811.3177745363618,
    814.8560116690977,
    818.217336945197,
    821.5786622212961,
    825.1168993540322,
    828.4782246301313,
    831.8395499062306,
    835.2008751823297,
    838.7391123150657,
    842.1004375911649,
    845.461762867264,
    849.0
  ],