{
  "sample_rate": 0.2579979360165119,
  "period_count": 9,
  "timestamps": [
    0.0,
    3.805129463737881,
    7.729169223217571,
    11.653208982697265,
    15.458338446435143,
    19.382378205914833,
    23.30641796539453,
    27.230457724874213,
    31.035587188612098,
    34.95962694809179,
    38.88366670757148,
    42.68879617130936,
    46.61283593078906,
    50.536875690268744,
    54.46091544974843,
    58.266044913486326,
    62.19008467296601,
    66.11412443244569,
    70.03816419192539,
    73.84329365566327,
    77.76733341514296,
    81.69137317462265,
    85.49650263836054,
    89.42054239784022,
    93.34458215731992,
    97.2686219167996,
    101.07375138053749,
    104.99779114001717,
    108.92183089949685,
    112.84587065897657,
    116.65100012271444,
    120.57503988219412,
    124.4990796416738,
    128.3042091054117,
    132.22824886489138,
    136.1522886243711,
    140.07632838385078,
    143.88145784758865,
    147.80549760706836,
    151.72953736654804,
    155.65357712602773,
    159.4587065897656,
    163.3827463492453,
    167.306786108725,
    171.11191557246286,
    175.03595533194257,
    178.95999509142226,
    182.88403485090194,
    186.68916431463984,
    190.61320407411952,
    194.5372438335992,
    198.4612835930789,
    202.2664130568168,
    206.19045281629647,
    210.11449257577615,
    213.91962203951405,
    217.84366179899374,
    221.76770155847342,
    225.69174131795313,
    229.496870781691,
    233.42091054117068,
    237.34495030065034,
    241.26899006013008,
    245.07411952386792,
    248.9981592833476,
    252.92219904282734,
    256.72732850656524,
    260.6513682660449,
    264.5754080255246,
    268.4994477850043,
    272.3045772487422,
    276.2286170082219,
    280.15265676770156,
    284.07669652718124,
    287.88182599091914,
    291.8058657503988,
    295.7299055098785,
    299.5350349736164,
    303.4590747330961,
    307.38311449257577,
    311.30715425205545,
    315.11228371579335,
    319.03632347527304,
    322.9603632347527,
    326.8844029942324,
    330.6895324579703,
    334.61357221745,
    338.53761197692967,
    342.34274144066757,
    346.26678120014725,
    350.19082095962693,
    354.1148607191066,
    357.9199901828445,
    361.8440299423242,
    365.7680697018039,
    369.69210946128356,
    373.49723892502146,
    377.42127868450115,
    381.34531844398083,
    385.1504479077187,
    389.0744876671984,
    392.9985274266781,
    396.9225671861578,
    400.7276966498957,
    404.65173640937536,
    408.57577616885504,
    412.4998159283348,
    416.3049453920726,
    420.2289851515523,
    424.153024911032,
    427.9581543747699,
    431.8821941342496,
    435.80623389372926,
    439.730273653209,
    443.53540311694684,
    447.4594428764265,
    451.38348263590626,
    455.30752239538594,
    459.1126518591238,
    463.03669161860347,
    466.9607313780832,
    470.76586084182105,
    474.68990060130074,
    478.6139403607805,
    482.53798012026016,
    486.343109583998,
    490.26714934347774,
    494.1911891029574,
    498.1152288624371,
    501.920358326175,
    505.8443980856547,
    509.7684378451344,
    513.5735673088723,
    517.497607068352,
    521.4216468278316,
    525.3456865873113,
    529.1508160510492,
    533.0748558105289,
    536.9988955700086,
    540.9229353294883,
    544.7280647932262,
    548.6521045527059,
    552.5761443121855,
    556.3812737759234,
    560.3053135354031,
    564.2293532948828,
    568.1533930543625,
    571.9585225181004,
    575.8825622775801,
    579.8066020370597,
    583.7306417965394,
    587.5357712602773,
    591.459811019757,
    595.3838507792367,
    599.1889802429746,
    603.1130200024543,
    607.037059761934,
    610.9610995214136,
    614.7662289851515,
    618.6902687446312,
    622.6143085041109,
    626.5383482635906,
    630.3434777273285,
    634.2675174868082,
    638.1915572462879,
    641.9966867100258,
    645.9207264695054,
    649.8447662289851,
    653.7688059884648,
    657.5739354522027,
    661.4979752116824,
    665.4220149711621,
    669.3460547306418,
    673.1511841943797,
    677.0752239538593,
    680.999263713339,
    684.8043931770769,
    688.7284329365566,
    692.6524726960363,
    696.576512455516,
    700.3816419192539,
    704.3056816787335,
    708.2297214382132,
    712.1537611976929,
    715.9588906614308,
    719.8829304209105,
    723.8069701803902,
    727.6120996441281,
    731.5361394036078,
    735.4601791630874,
    739.3842189225671,
    743.189348386305,
    747.1133881457847,
    751.0374279052644,
    754.9614676647441,
    758.766597128482,
    762.6906368879617,
    766.6146766474413,
    770.4198061111792,
    774.3438458706589,
    778.2678856301386,
    782.1919253896183,
    785.9970548533562,
    789.9210946128359,
    793.8451343723156,
    797.7691741317952,
    801.5743035955331,
    805.4983433550128,
    809.4223831144925,
    813.2275125782304,
    817.1515523377101,
    821.0755920971898,
    824.9996318566696,
    828.8047613204074,
    832.728801079887,
    836.6528408393667,
    840.5768805988465,
    844.3820100625843,
    848.306049822064,
    852.2300895815438,
    856.0352190452816,
    859.9592588047612,
    863.883298564241,
    867.8073383237207,
    871.6124677874585,
    875.5365075469383,
    879.460547306418,
    883.3845870658977,
    887.1897165296355,
    891.1137562891153,
    895.0377960485949,
    898.8429255123327,
    902.7669652718125,
    906.6910050312922,
    910.6150447907719,
    914.4201742545098,
    918.3442140139895,
    922.2682537734692,
    926.1922935329488,
    929.9974229966867,
    933.9214627561664,
    937.8455025156461,
    941.650631979384,
    945.5746717388637,
    949.4987114983434,
    953.422751257823,
    957.227880721561,
    961.1519204810406,
    965.0759602405203,
    969.0
  ],