{
  "sample_rate": 0.23234200743494424,
  "period_count": 4,
  "timestamps": [
    0.0,
    4.0314724615961035,
    8.466092169351818,
    12.90071187710753,
    16.932184338703635,
    21.366804046459347,
    25.80142375421506,
    30.23604346197078,
    34.267515923566876,
    38.70213563132259,
    43.136755339078306,
    47.16822780067441,
    51.60284750843012,
    56.03746721618584,
    60.47208692394155,
    64.50355938553766,
    68.93817909329337,
    73.37279880104909,
    77.40427126264518,
    81.8388909704009,
    86.27351067815661,
    90.70813038591233,
    94.73960284750844,
    99.17422255526414,
    103.60884226301985,
    107.64031472461596,
    112.07493443237168,
    116.50955414012739,
    120.9441738478831,
    124.9756463094792,
    129.41026601723493,
    133.84488572499063,
    138.27950543274633,
    142.31097789434244,
    146.74559760209817,
    151.18021730985387,
    155.21168977144998,
    159.64630947920568,
    164.0809291869614,
    168.5155488947171,
    172.54702135631322,
    176.98164106406895,
    181.41626077182465,
    185.44773323342076,
    189.88235294117646,
    194.3169726489322,
    198.7515923566879,
    202.783064818284,
    207.2176845260397,
    211.65230423379543,
    215.68377669539154,
    220.11839640314724,
    224.55301611090295,
    228.98763581865867,
    233.01910828025478,
    237.45372798801048,
    241.8883476957662,
    245.9198201573623,
    250.35443986511802,
    254.78905957287373,
    259.2236792806294,
    263.25515174222556,
    267.68977144998127,
    272.12439115773697,
    276.55901086549267,
    280.5904833270888,
    285.0251030348445,
    289.4597227426002,
    293.49119520419634,
    297.92581491195205,
    302.36043461970775,
    306.79505432746345,
    310.8265267890596,
    315.2611464968153,
    319.695766204571,
    323.7272386661671,
    328.1618583739228,
    332.5964780816785,
    337.0310977894342,
    341.06257025103037,
    345.49718995878607,
    349.93180966654177,
    353.9632821281379,
    358.3979018358936,
    362.8325215436493,
    367.267141251405,
    371.29861371300115,
    375.73323342075685,
    380.16785312851255,
    384.19932559010863,
    388.6339452978644,
    393.0685650056201,
    397.5031847133758,
    401.5346571749719,
    405.9692768827276,
    410.4038965904833,
    414.838516298239,
    418.86998875983517,
    423.30460846759087,
    427.73922817534657,
    431.77070063694265,
    436.2053203446984,
    440.6399400524541,
    445.0745597602098,
    449.1060322218059,
    453.54065192956165,
    457.97527163731735,
    462.00674409891343,
    466.4413638066692,
    470.8759835144249,
    475.3106032221806,
    479.34207568377667,
    483.7766953915324,
    488.21131509928813,
    492.2427875608842,
    496.6774072686399,
    501.11202697639567,
    505.54664668415137,
    509.57811914574745,
    514.0127388535032,
    518.4473585612589,
    522.478831022855,
    526.9134507306107,
    531.3480704383664,
    535.7826901461221,
    539.8141626077182,
    544.2487823154739,
    548.6834020232296,
    553.1180217309853,
    557.1494941925815,
    561.5841139003372,
    566.0187336080929,
    570.050206069689,
    574.4848257774447,
    578.9194454852004,
    583.3540651929561,
    587.3855376545523,
    591.820157362308,
    596.2547770700637,
    600.2862495316598,
    604.7208692394155,
    609.1554889471712,
    613.5901086549269,
    617.6215811165231,
    622.0562008242788,
    626.4908205320345,
    630.5222929936306,
    634.9569127013863,
    639.391532409142,
    643.8261521168977,
    647.8576245784939,
    652.2922442862496,
    656.7268639940053,
    660.7583364556014,
    665.192956163357,
    669.6275758711128,
    674.0621955788685,
    678.0936680404645,
    682.5282877482204,
    686.962907455976,
    691.3975271637318,
    695.4289996253278,
    699.8636193330835,
    704.2982390408392,
    708.3297115024353,
    712.7643312101911,
    717.1989509179468,
    721.6335706257025,
    725.6650430872986,
    730.0996627950543,
    734.53428250281,
    738.5657549644061,
    743.0003746721619,
    747.4349943799176,
    751.8696140876733,
    755.9010865492694,
    760.3357062570251,
    764.7703259647808,
    768.8017984263769,
    773.2364181341326,
    777.6710378418884,
    782.1056575496441,
    786.1371300112402,
    790.5717497189959,
    795.0063694267516,
    799.0378418883477,
    803.4724615961034,
    807.9070813038592,
    812.3417010116149,
    816.373173473211,
    820.8077931809667,
    825.2424128887224,
    829.677032596478,
    833.7085050580741,
    838.14312476583,
    842.5777444735857,
    846.6092169351817,
    851.0438366429374,
    855.4784563506931,
    859.9130760584488,
    863.9445485200449,
    868.3791682278006,
    872.8137879355564,
    876.8452603971525,
    881.2798801049082,
    885.7144998126639,
    890.1491195204196,
    894.1805919820157,
    898.6152116897714,
    903.0498313975272,
    907.0813038591233,
    911.515923566879,
    915.9505432746347,
    920.3851629823904,
    924.4166354439865,
    928.8512551517422,
    933.2858748594979,
    937.3173473210941,
    941.7519670288498,
    946.1865867366055,
    950.6212064443612,
    954.6526789059573,
    959.087298613713,
    963.5219183214687,
    967.9565380292245,
    971.9880104908206,
    976.4226301985763,
    980.857249906332,
    984.888722367928,
    989.3233420756837,
    993.7579617834394,
    998.1925814911953,
    1002.2240539527913,
    1006.658673660547,
    1011.0932933683027,
    1015.1247658298988,
    1019.5593855376545,
    1023.9940052454103,
    1028.428624953166,
    1032.460097414762,
    1036.8947171225177,
    1041.3293368302734,
    1045.3608092918696,
    1049.7954289996253,
    1054.230048707381,
    1058.6646684151367,
    1062.696140876733,
    1067.1307605844886,
    1071.5653802922443,
    1076.0
  ],