{
  "sample_rate": 0.22893772893772893,
  "period_count": 10,
  "timestamps": [
    0.0,
    4.249027237354085,
    8.49805447470817,
    12.747081712062254,
    16.99610894941634,
    21.852140077821005,
    26.101167315175097,
    30.35019455252918,
    34.599221789883266,
    39.455252918287925,
    43.70428015564201,
    47.953307392996095,
    52.202334630350194,
    56.45136186770428,
    61.307392996108945,
    65.55642023346303,
    69.80544747081711,
    74.0544747081712,
    78.91050583657587,
    83.15953307392995,
    87.40856031128403,
    91.65758754863812,
    95.9066147859922,
    100.76264591439688,
    105.01167315175098,
    109.26070038910507,
    113.50972762645915,
    118.3657587548638,
    122.61478599221789,
    126.86381322957197,
    131.11284046692606,
    135.36186770428014,
    140.21789883268482,
    144.4669260700389,
    148.715953307393,
    152.96498054474708,
    157.82101167315173,
    162.07003891050582,
    166.3190661478599,
    170.56809338521398,
    174.81712062256807,
    179.67315175097275,
    183.92217898832683,
    188.17120622568092,
    192.420233463035,
    197.27626459143968,
    201.52529182879377,
    205.77431906614785,
    210.02334630350194,
    214.8793774319066,
    219.12840466926068,
    223.37743190661476,
    227.62645914396884,
    231.87548638132296,
    236.7315175097276,
    240.9805447470817,
    245.22957198443578,
    249.47859922178986,
    254.33463035019452,
    258.5836575875486,
    262.8326848249027,
    267.08171206225677,
    271.33073929961085,
    276.18677042801556,
    280.43579766536965,
    284.68482490272373,
    288.9338521400778,
    293.78988326848247,
    298.03891050583655,
    302.28793774319064,
    306.5369649805447,
    310.7859922178988,
    315.64202334630346,
    319.89105058365755,
    324.14007782101163,
    328.3891050583657,
    333.2451361867704,
    337.4941634241245,
    341.7431906614786,
    345.9922178988327,
    350.24124513618676,
    355.0972762645914,
    359.3463035019455,
    363.5953307392996,
    367.84435797665367,
    372.7003891050583,
    376.9494163424124,
    381.1984435797665,
    385.4474708171206,
    390.3035019455253,
    394.55252918287937,
    398.80155642023345,
    403.05058365758754,
    407.2996108949416,
    412.1556420233463,
    416.40466926070036,
    420.65369649805444,
    424.90272373540853,
    429.7587548638132,
    434.00778210116727,
    438.25680933852135,
    442.50583657587543,
    446.7548638132295,
    451.6108949416342,
    455.8599221789883,
    460.1089494163424,
    464.3579766536965,
    469.21400778210113,
    473.4630350194552,
    477.7120622568093,
    481.9610894941634,
    486.2101167315175,
    491.0661478599221,
    495.3151750972762,
    499.5642023346303,
    503.8132295719844,
    508.66926070038903,
    512.9182879377431,
    517.1673151750972,
    521.4163424124513,
    525.6653696498054,
    530.52140077821,
    534.7704280155641,
    539.0194552529182,
    543.2684824902723,
    548.124513618677,
    552.3735408560311,
    556.6225680933852,
    560.8715953307393,
    565.727626459144,
    569.976653696498,
    574.2256809338521,
    578.4747081712062,
    582.7237354085603,
    587.5797665369649,
    591.828793774319,
    596.0778210116731,
    600.3268482490272,
    605.1828793774318,
    609.4319066147859,
    613.68093385214,
    617.9299610894941,
    622.1789883268482,
    627.0350194552528,
    631.2840466926069,
    635.533073929961,
    639.7821011673151,
    644.6381322957197,
    648.8871595330738,
    653.1361867704279,
    657.385214007782,
    661.6342412451361,
    666.4902723735408,
    670.7392996108949,
    674.988326848249,
    679.2373540856031,
    684.0933852140078,
    688.3424124513618,
    692.5914396887159,
    696.84046692607,
    701.0894941634241,
    705.9455252918287,
    710.1945525291828,
    714.4435797665369,
    718.692607003891,
    723.5486381322957,
    727.7976653696497,
    732.0466926070038,
    736.2957198443579,
    741.1517509727626,
    745.4007782101166,
    749.6498054474707,
    753.8988326848248,
    758.1478599221789,
    763.0038910505835,
    767.2529182879376,
    771.5019455252917,
    775.7509727626458,
    780.6070038910506,
    784.8560311284047,
    789.1050583657587,
    793.3540856031128,
    797.6031128404669,
    802.4591439688716,
    806.7081712062256,
    810.9571984435797,
    815.2062256809338,
    820.0622568093385,
    824.3112840466925,
    828.5603112840466,
    832.8093385214007,
    837.0583657587548,
    841.9143968871595,
    846.1634241245135,
    850.4124513618676,
    854.6614785992217,
    859.5175097276264,
    863.7665369649804,
    868.0155642023345,
    872.2645914396886,
    876.5136186770427,
    881.3696498054474,
    885.6186770428014,
    889.8677042801555,
    894.1167315175096,
    898.9727626459144,
    903.2217898832685,
    907.4708171206225,
    911.7198443579766,
    916.5758754863813,
    920.8249027237354,
    925.0739299610894,
    929.3229571984435,
    933.5719844357976,
    938.4280155642023,
    942.6770428015564,
    946.9260700389104,
    951.1750972762645,
    956.0311284046692,
    960.2801556420233,
    964.5291828793773,
    968.7782101167314,
    973.0272373540855,
    977.8832684824902,
    982.1322957198443,
    986.3813229571983,
    990.6303501945524,
    995.4863813229571,
    999.735408560311,
    1003.9844357976654,
    1008.2334630350192,
    1012.4824902723735,
    1017.3385214007781,
    1021.5875486381324,
    1025.8365758754862,
    1030.0856031128403,
    1034.941634241245,
    1039.1906614785992,
    1043.4396887159533,
    1047.6887159533073,
    1051.9377431906614,
    1056.793774319066,
    1061.04280155642,
    1065.2918287937741,
    1069.5408560311282,
    1074.396887159533,
    1078.645914396887,
    1082.8949416342411,
    1087.1439688715952,
    1092.0
  ],