{
  "sample_rate": 0.20627062706270627,
  "period_count": 6,
  "timestamps": [
    0.0,
    4.765790120422708,
    9.531580240845416,
    14.595232243794545,
    19.361022364217252,
    24.12681248463996,
    29.19046448758909,
    33.9562546080118,
    38.722044728434504,
    43.78569673138363,
    48.55148685180634,
    53.317276972229045,
    58.38092897517818,
    63.146719095600886,
    67.9125092160236,
    72.97616121897272,
    77.74195133939543,
    82.50774145981813,
    87.57139346276726,
    92.33718358318997,
    97.10297370361268,
    102.1666257065618,
    106.93241582698451,
    111.69820594740722,
    116.76185795035636,
    121.52764807077907,
    126.29343819120177,
    131.35709019415089,
    136.1228803145736,
    140.8886704349963,
    145.95232243794544,
    150.71811255836815,
    155.48390267879086,
    160.54755468174,
    165.3133448021627,
    170.0791349225854,
    175.14278692553452,
    179.90857704595723,
    184.67436716637994,
    189.73801916932908,
    194.50380928975179,
    199.2695994101745,
    204.3332514131236,
    209.0990415335463,
    214.16269353649545,
    218.92848365691816,
    223.69427377734087,
    228.75792578029,
    233.52371590071272,
    238.28950602113542,
    243.35315802408454,
    248.11894814450724,
    252.88473826492995,
    257.94839026787906,
    262.71418038830177,
    267.4799705087245,
    272.5436225116736,
    277.3094126320963,
    282.07520275251903,
    287.1388547554682,
    291.9046448758909,
    296.6704349963136,
    301.73408699926273,
    306.49987711968544,
    311.26566724010814,
    316.3293192430573,
    321.09510936348,
    325.8608994839027,
    330.9245514868518,
    335.6903416072745,
    340.4561317276972,
    345.51978373064634,
    350.28557385106905,
    355.05136397149175,
    360.1150159744409,
    364.8808060948636,
    369.6465962152863,
    374.71024821823545,
    379.47603833865816,
    384.24182845908086,
    389.30548046203,
    394.0712705824527,
    398.8370607028754,
    403.9007127058245,
    408.6665028262472,
    413.73015482919635,
    418.49594494961906,
    423.26173507004177,
    428.3253870729909,
    433.0911771934136,
    437.8569673138363,
    442.92061931678546,
    447.68640943720817,
    452.4521995576309,
    457.51585156058,
    462.2816416810027,
    467.04743180142543,
    472.1110838043745,
    476.8768739247972,
    481.64266404521993,
    486.70631604816907,
    491.4721061685918,
    496.2378962890145,
    501.3015482919636,
    506.06733841238633,
    510.83312853280904,
    515.8967805357581,
    520.6625706561808,
    525.4283607766035,
    530.4920127795527,
    535.2578028999754,
    540.0235930203982,
    545.0872450233472,
    549.85303514377,
    554.6188252641927,
    559.6824772671418,
    564.4482673875646,
    569.2140575079873,
    574.2777095109363,
    579.043499631359,
    583.8092897517818,
    588.8729417547308,
    593.6387318751536,
    598.4045219955763,
    603.4681739985255,
    608.2339641189482,
    613.2976161218972,
    618.06340624232,
    622.8291963627427,
    627.8928483656919,
    632.6586384861146,
    637.4244286065373,
    642.4880806094864,
    647.2538707299091,
    652.0196608503318,
    657.0833128532809,
    661.8491029737036,
    666.6148930941263,
    671.6785450970755,
    676.4443352174982,
    681.2101253379209,
    686.27377734087,
    691.0395674612927,
    695.8053575817154,
    700.8690095846646,
    705.6347997050873,
    710.40058982551,
    715.4642418284591,
    720.2300319488818,
    724.9958220693045,
    730.0594740722536,
    734.8252641926763,
    739.591054313099,
    744.6547063160482,
    749.4204964364709,
    754.1862865568936,
    759.2499385598427,
    764.0157286802654,
    768.7815188006881,
    773.8451708036373,
    778.61096092406,
    783.3767510444827,
    788.4404030474318,
    793.2061931678545,
    797.9719832882772,
    803.0356352912263,
    807.801425411649,
    812.8650774145982,
    817.6308675350209,
    822.3966576554436,
    827.4603096583927,
    832.2260997788154,
    836.9918898992381,
    842.0555419021873,
    846.82133202261,
    851.5871221430327,
    856.6507741459818,
    861.4165642664045,
    866.1823543868272,
    871.2460063897763,
    876.011796510199,
    880.7775866306217,
    885.8412386335709,
    890.6070287539936,
    895.3728188744163,
    900.4364708773654,
    905.2022609977881,
    909.9680511182108,
    915.03170312116,
    919.7974932415827,
    924.5632833620054,
    929.6269353649545,
    934.3927254853772,
    939.1585156058,
    944.222167608749,
    948.9879577291717,
    953.7537478495944,
    958.8173998525436,
    963.5831899729664,
    968.3489800933891,
    973.4126320963381,
    978.1784222167609,
    982.9442123371836,
    988.0078643401326,
    992.7736544605555,
    997.5394445809782,
    1002.6030965839273,
    1007.36888670435,
    1012.432538707299,
    1017.1983288277218,
    1021.9641189481445,
    1027.0277709510935,
    1031.7935610715163,
    1036.559351191939,
    1041.6230031948883,
    1046.388793315311,
    1051.1545834357337,
    1056.2182354386828,
    1060.9840255591055,
    1065.7498156795282,
    1070.8134676824773,
    1075.5792578029,
    1080.3450479233227,
    1085.4086999262718,
    1090.1744900466945,
    1094.9402801671172,
    1100.0039321700663,
    1104.769722290489,
    1109.5355124109117,
    1114.599164413861,
    1119.3649545342837,
    1124.1307446547064,
    1129.1943966576555,
    1133.9601867780782,
    1138.725976898501,
    1143.78962890145,
    1148.5554190218727,
    1153.3212091422954,
    1158.3848611452445,
    1163.1506512656672,
    1167.91644138609,
    1172.980093389039,
    1177.7458835094617,
    1182.5116736298844,
    1187.5753256328337,
    1192.3411157532564,
    1197.1069058736791,
    1202.1705578766282,
    1206.936347997051,
    1212.0
  ],