{
  "sample_rate": 0.3306878306878307,
  "period_count": 4,
  "timestamps": [
    0.0,
    2.920046349942062,
    5.840092699884124,
    9.052143684820393,
    11.972190034762455,
    14.892236384704518,
    18.104287369640787,
    21.02433371958285,
    24.236384704519118,
    27.15643105446118,
    30.07647740440325,
    33.28852838933951,
    36.20857473928157,
    39.42062572421784,
    42.340672074159905,
    45.26071842410197,
    48.472769409038236,
    51.392815758980305,
    54.604866743916574,
    57.52491309385863,
    60.4449594438007,
    63.65701042873697,
    66.57705677867902,
    69.78910776361529,
    72.70915411355736,
    75.62920046349942,
    78.84125144843568,
    81.76129779837775,
    84.97334878331402,
    87.89339513325608,
    90.81344148319815,
    94.02549246813442,
    96.94553881807647,
    100.15758980301274,
    103.07763615295481,
    105.99768250289686,
    109.20973348783313,
    112.1297798377752,
    115.34183082271147,
    118.26187717265356,
    121.18192352259558,
    124.39397450753188,
    127.31402085747393,
    130.5260718424102,
    133.44611819235226,
    136.3661645422943,
    139.57821552723058,
    142.49826187717267,
    145.71031286210894,
    148.630359212051,
    151.55040556199305,
    154.76245654692931,
    157.68250289687137,
    160.89455388180764,
    163.81460023174972,
    166.73464658169178,
    169.94669756662805,
    172.8667439165701,
    176.07879490150637,
    178.99884125144843,
    181.9188876013905,
    185.13093858632678,
    188.05098493626883,
    191.2630359212051,
    194.18308227114716,
    197.1031286210892,
    200.31517960602548,
    203.23522595596756,
    206.44727694090383,
    209.3673232908459,
    212.28736964078794,
    215.4994206257242,
    218.41946697566627,
    221.63151796060254,
    224.55156431054462,
    227.47161066048668,
    230.68366164542294,
    233.603707995365,
    236.81575898030127,
    239.73580533024335,
    242.6558516801854,
    245.86790266512168,
    248.78794901506376,
    252.0,
    254.92004634994203,
    257.8400926998841,
    261.0521436848204,
    263.97219003476243,
    266.8922363847045,
    270.1042873696408,
    273.02433371958284,
    276.23638470451914,
    279.15643105446117,
    282.07647740440325,
    285.2885283893395,
    288.2085747392816,
    291.42062572421787,
    294.3406720741599,
    297.260718424102,
    300.4727694090382,
    303.3928157589803,
    306.60486674391655,
    309.52491309385863,
    312.4449594438007,
    315.65701042873695,
    318.57705677867904,
    321.7891077636153,
    324.70915411355736,
    327.62920046349944,
    330.8412514484357,
    333.76129779837777,
    336.973348783314,
    339.8933951332561,
    342.8134414831981,
    346.0254924681344,
    348.9455388180765,
    352.15758980301274,
    355.0776361529548,
    357.99768250289685,
    361.20973348783315,
    364.12977983777523,
    367.3418308227115,
    370.26187717265356,
    373.1819235225956,
    376.3939745075319,
    379.3140208574739,
    382.5260718424102,
    385.4461181923523,
    388.3661645422943,
    391.5782155272306,
    394.49826187717264,
    397.71031286210894,
    400.63035921205096,
    403.55040556199305,
    406.76245654692934,
    409.68250289687137,
    412.89455388180767,
    415.8146002317497,
    418.7346465816918,
    421.946697566628,
    424.8667439165701,
    428.0787949015064,
    430.9988412514484,
    433.9188876013905,
    437.13093858632675,
    440.05098493626883,
    443.2630359212051,
    446.18308227114716,
    449.10312862108924,
    452.3151796060255,
    455.23522595596756,
    458.4472769409038,
    461.3673232908459,
    464.287369640788,
    467.4994206257242,
    470.4194669756663,
    473.63151796060254,
    476.5515643105446,
    479.4716106604867,
    482.68366164542294,
    485.603707995365,
    488.81575898030127,
    491.73580533024335,
    494.6558516801854,
    497.8679026651217,
    500.78794901506376,
    504.0,
    506.92004634994214,
    509.84009269988405,
    513.0521436848204,
    515.9721900347624,
    518.8922363847046,
    522.1042873696408,
    525.0243337195828,
    528.2363847045191,
    531.1564310544612,
    534.0764774044032,
    537.2885283893395,
    540.2085747392816,
    543.4206257242179,
    546.3406720741599,
    549.2607184241019,
    552.4727694090383,
    555.3928157589803,
    558.6048667439165,
    561.5249130938587,
    564.4449594438007,
    567.657010428737,
    570.577056778679,
    573.7891077636153,
    576.7091541135574,
    579.6292004634994,
    582.8412514484357,
    585.7612977983778,
    588.973348783314,
    591.893395133256,
    594.8134414831982,
    598.0254924681344,
    600.9455388180764,
    604.1575898030128,
    607.0776361529548,
    609.9976825028969,
    613.2097334878331,
    616.1297798377752,
    619.3418308227115,
    622.2618771726535,
    625.1819235225956,
    628.3939745075319,
    631.3140208574739,
    634.5260718424101,
    637.4461181923523,
    640.3661645422943,
    643.5782155272306,
    646.4982618771727,
    649.7103128621089,
    652.630359212051,
    655.5504055619931,
    658.7624565469293,
    661.6825028968714,
    664.8945538818076,
    667.8146002317498,
    670.7346465816918,
    673.946697566628,
    676.8667439165702,
    680.0787949015064,
    682.9988412514484,
    685.9188876013905,
    689.1309385863268,
    692.0509849362688,
    695.2630359212051,
    698.1830822711472,
    701.1031286210892,
    704.3151796060255,
    707.2352259559675,
    710.4472769409039,
    713.3673232908459,
    716.2873696407879,
    719.4994206257243,
    722.4194669756663,
    725.6315179606025,
    728.5515643105446,
    731.4716106604867,
    734.683661645423,
    737.603707995365,
    740.8157589803013,
    743.7358053302434,
    746.6558516801854,
    749.8679026651216,
    752.7879490150638,
    756.0
  ],