{
  "sample_rate": 0.32808398950131235,
  "period_count": 4,
  "timestamps": [
    0.0,
    3.0602409638554207,
    6.120481927710843,
    9.180722891566262,
    12.240963855421686,
    15.301204819277107,
    18.361445783132528,
    21.42168674698795,
    24.481927710843372,
    27.542168674698793,
    30.602409638554214,
    33.662650602409634,
    36.722891566265055,
    39.78313253012048,
    42.8433734939759,
    45.903614457831324,
    48.963855421686745,
    52.024096385542165,
    55.084337349397586,
    58.14457831325301,
    61.20481927710843,
    64.26506024096385,
    67.32530120481927,
    70.38554216867469,
    73.44578313253011,
    76.50602409638553,
    79.56626506024097,
    82.62650602409639,
    85.6867469879518,
    88.74698795180723,
    91.80722891566265,
    94.86746987951807,
    97.92771084337349,
    100.98795180722891,
    104.04819277108433,
    107.10843373493975,
    110.16867469879517,
    113.22891566265059,
    116.28915662650601,
    119.34939759036143,
    122.40963855421685,
    125.46987951807228,
    128.5301204819277,
    131.59036144578312,
    134.65060240963854,
    137.71084337349396,
    140.77108433734938,
    143.8313253012048,
    146.89156626506022,
    149.95180722891564,
    153.01204819277106,
    156.07228915662648,
    159.13253012048193,
    162.19277108433735,
    165.25301204819277,
    168.3132530120482,
    171.3734939759036,
    174.43373493975903,
    177.49397590361446,
    180.55421686746988,
    183.6144578313253,
    186.67469879518072,
    189.73493975903614,
    192.79518072289156,
    195.85542168674698,
    198.9156626506024,
    201.97590361445782,
    205.03614457831324,
    208.09638554216866,
    211.15662650602408,
    214.2168674698795,
    217.27710843373492,
    220.33734939759034,
    223.39759036144576,
    226.45783132530119,
    229.5180722891566,
    232.57831325301203,
    235.63855421686745,
    238.69879518072287,
    241.7590361445783,
    244.8192771084337,
    247.87951807228913,
    250.93975903614455,
    254.0,
    257.0602409638554,
    260.12048192771084,
    263.18072289156623,
    266.2409638554217,
    269.3012048192771,
    272.3614457831325,
    275.4216867469879,
    278.48192771084337,
    281.54216867469876,
    284.6024096385542,
    287.6626506024096,
    290.72289156626505,
    293.78313253012044,
    296.8433734939759,
    299.9036144578313,
    302.96385542168673,
    306.0240963855421,
    309.0843373493976,
    312.14457831325296,
    315.2048192771084,
    318.26506024096386,
    321.32530120481925,
    324.3855421686747,
    327.4457831325301,
    330.50602409638554,
    333.56626506024094,
    336.6265060240964,
    339.6867469879518,
    342.7469879518072,
    345.8072289156626,
    348.86746987951807,
    351.92771084337346,
    354.9879518072289,
    358.0481927710843,
    361.10843373493975,
    364.16867469879514,
    367.2289156626506,
    370.289156626506,
    373.34939759036143,
    376.4096385542168,
    379.4698795180723,
    382.53012048192767,
    385.5903614457831,
    388.6506024096385,
    391.71084337349396,
    394.77108433734935,
    397.8313253012048,
    400.8915662650602,
    403.95180722891564,
    407.01204819277103,
    410.0722891566265,
    413.1325301204819,
    416.1927710843373,
    419.2530120481928,
    422.31325301204816,
    425.3734939759036,
    428.433734939759,
    431.49397590361446,
    434.55421686746985,
    437.6144578313253,
    440.6746987951807,
    443.73493975903614,
    446.79518072289153,
    449.855421686747,
    452.91566265060237,
    455.9759036144578,
    459.0361445783132,
    462.09638554216866,
    465.15662650602405,
    468.2168674698795,
    471.2771084337349,
    474.33734939759034,
    477.39759036144574,
    480.4578313253012,
    483.5180722891566,
    486.578313253012,
    489.6385542168674,
    492.69879518072287,
    495.75903614457826,
    498.8192771084337,
    501.8795180722891,
    504.93975903614455,
    508.0,
    511.06024096385545,
    514.1204819277108,
    517.1807228915662,
    520.2409638554217,
    523.3012048192771,
    526.3614457831325,
    529.4216867469879,
    532.4819277108434,
    535.5421686746988,
    538.6024096385541,
    541.6626506024096,
    544.722891566265,
    547.7831325301205,
    550.8433734939758,
    553.9036144578313,
    556.9638554216867,
    560.0240963855422,
    563.0843373493975,
    566.144578313253,
    569.2048192771084,
    572.2650602409639,
    575.3253012048192,
    578.3855421686746,
    581.4457831325301,
    584.5060240963855,
    587.5662650602409,
    590.6265060240963,
    593.6867469879518,
    596.7469879518072,
    599.8072289156626,
    602.867469879518,
    605.9277108433735,
    608.9879518072289,
    612.0481927710842,
    615.1084337349397,
    618.1686746987951,
    621.2289156626506,
    624.2891566265059,
    627.3493975903614,
    630.4096385542168,
    633.4698795180723,
    636.5301204819277,
    639.5903614457831,
    642.6506024096385,
    645.710843373494,
    648.7710843373494,
    651.8313253012047,
    654.8915662650602,
    657.9518072289156,
    661.0120481927711,
    664.0722891566264,
    667.1325301204819,
    670.1927710843373,
    673.2530120481928,
    676.3132530120481,
    679.3734939759036,
    682.433734939759,
    685.4939759036145,
    688.5542168674698,
    691.6144578313252,
    694.6746987951807,
    697.7349397590361,
    700.7951807228915,
    703.8554216867469,
    706.9156626506024,
    709.9759036144578,
    713.0361445783132,
    716.0963855421686,
    719.156626506024,
    722.2168674698795,
    725.2771084337348,
    728.3373493975903,
    731.3975903614457,
    734.4578313253012,
    737.5180722891566,
    740.578313253012,
    743.6385542168674,
    746.6987951807229,
    749.7590361445783,
    752.8192771084337,
    755.8795180722891,
    758.9397590361446,
    762.0
  ],