{
  "sample_rate": 0.24224806201550386,
  "period_count": 6,
  "timestamps": [
    0.0,
    4.121256126338719,
    8.242512252677438,
    12.363768379016156,
    16.485024505354875,
    20.606280631693593,
    24.72753675803231,
    28.848792884371033,
    32.97004901070975,
    37.27863496097296,
    41.39989108731167,
    45.521147213650394,
    49.64240333998911,
    53.76365946632783,
    57.88491559266655,
    62.006171719005266,
    66.12742784534399,
    70.4360137956072,
    74.55726992194592,
    78.67852604828462,
    82.79978217462335,
    86.92103830096207,
    91.04229442730079,
    95.16355055363951,
    99.28480667997822,
    103.59339263024142,
    107.71464875658015,
    111.83590488291887,
    115.95716100925759,
    120.07841713559631,
    124.19967326193502,
    128.32092938827375,
    132.44218551461245,
    136.75077146487567,
    140.8720275912144,
    144.9932837175531,
    149.11453984389183,
    153.23579597023055,
    157.35705209656925,
    161.47830822290797,
    165.5995643492467,
    169.9081502995099,
    174.02940642584863,
    178.15066255218736,
    182.27191867852605,
    186.39317480486477,
    190.5144309312035,
    194.6356870575422,
    198.75694318388094,
    203.06552913414413,
    207.18678526048285,
    211.30804138682157,
    215.4292975131603,
    219.55055363949901,
    223.67180976583774,
    227.79306589217646,
    231.91432201851518,
    236.22290796877837,
    240.3441640951171,
    244.46542022145582,
    248.58667634779454,
    252.70793247413326,
    256.829188600472,
    260.9504447268107,
    265.0717008531494,
    269.3802868034126,
    273.50154292975134,
    277.62279905609006,
    281.7440551824288,
    285.8653113087675,
    289.9865674351062,
    294.10782356144495,
    298.22907968778367,
    302.53766563804686,
    306.6589217643856,
    310.7801778907243,
    314.901434017063,
    319.02269014340175,
    323.14394626974047,
    327.2652023960792,
    331.3864585224179,
    335.6950444726811,
    339.8163005990198,
    343.93755672535855,
    348.05881285169727,
    352.180068978036,
    356.3013251043747,
    360.4225812307134,
    364.5438373570521,
    368.85242330731535,
    372.97367943365407,
    377.0949355599928,
    381.21619168633146,
    385.3374478126702,
    389.4587039390089,
    393.5799600653476,
    397.70121619168634,
    402.0098021419496,
    406.13105826828826,
    410.252314394627,
    414.3735705209657,
    418.4948266473044,
    422.61608277364314,
    426.73733889998186,
    430.8585950263206,
    435.1671809765838,
    439.2884371029225,
    443.4096932292612,
    447.53094935559994,
    451.65220548193867,
    455.7734616082774,
    459.8947177346161,
    464.01597386095483,
    468.324559811218,
    472.44581593755674,
    476.56707206389547,
    480.6883281902342,
    484.8095843165729,
    488.93084044291163,
    493.05209656925035,
    497.1733526955891,
    501.48193864585227,
    505.603194772191,
    509.72445089852977,
    513.8457070248685,
    517.9669631512071,
    522.0882192775458,
    526.2094754038845,
    530.3307315302233,
    534.6393174804865,
    538.7605736068252,
    542.881829733164,
    547.0030858595027,
    551.1243419858414,
    555.2455981121801,
    559.3668542385188,
    563.4881103648576,
    567.7966963151207,
    571.9179524414594,
    576.0392085677981,
    580.1604646941369,
    584.2817208204756,
    588.4029769468143,
    592.524233073153,
    596.6454891994917,
    600.954075149755,
    605.0753312760937,
    609.1965874024324,
    613.3178435287712,
    617.4390996551099,
    621.5603557814486,
    625.6816119077873,
    629.802868034126,
    634.1114539843892,
    638.2327101107279,
    642.3539662370666,
    646.4752223634054,
    650.5964784897441,
    654.7177346160828,
    658.8389907424215,
    662.9602468687602,
    667.2688328190235,
    671.3900889453622,
    675.5113450717009,
    679.6326011980397,
    683.7538573243784,
    687.8751134507171,
    691.9963695770558,
    696.1176257033945,
    700.4262116536577,
    704.5474677799964,
    708.6687239063351,
    712.7899800326738,
    716.9112361590126,
    721.0324922853513,
    725.15374841169,
    729.2750045380287,
    733.583590488292,
    737.7048466146307,
    741.8261027409694,
    745.9473588673081,
    750.0686149936469,
    754.1898711199856,
    758.3111272463243,
    762.4323833726629,
    766.7409693229262,
    770.8622254492649,
    774.9834815756036,
    779.1047377019423,
    783.225993828281,
    787.3472499546198,
    791.4685060809585,
    795.5897622072972,
    799.8983481575605,
    804.0196042838992,
    808.1408604102378,
    812.2621165365765,
    816.3833726629152,
    820.504628789254,
    824.6258849155927,
    828.7471410419314,
    833.0557269921946,
    837.1769831185334,
    841.2982392448721,
    845.4194953712108,
    849.5407514975495,
    853.6620076238883,
    857.783263750227,
    861.9045198765657,
    866.2131058268288,
    870.3343619531676,
    874.4556180795063,
    878.576874205845,
    882.6981303321837,
    886.8193864585224,
    890.9406425848612,
    895.0618987111999,
    899.3704846614631,
    903.4917407878019,
    907.6129969141406,
    911.7342530404793,
    915.855509166818,
    919.9767652931567,
    924.0980214194955,
    928.2192775458342,
    932.5278634960973,
    936.649119622436,
    940.7703757487748,
    944.8916318751135,
    949.0128880014522,
    953.1341441277909,
    957.2554002541297,
    961.3766563804684,
    965.6852423307316,
    969.8064984570703,
    973.9277545834091,
    978.0490107097478,
    982.1702668360865,
    986.2915229624252,
    990.412779088764,
    994.5340352151027,
    998.8426211653658,
    1002.9638772917045,
    1007.0851334180433,
    1011.206389544382,
    1015.3276456707207,
    1019.4489017970594,
    1023.5701579233983,
    1027.691414049737,
    1032.0
  ],