{
  "sample_rate": 0.33557046979865773,
  "period_count": 4,
  "timestamps": [
    0.0,
    2.9172785119921683,
    5.956110295317344,
    8.873388807309512,
    11.912220590634687,
    14.951052373959863,
    17.86833088595203,
    20.907162669277206,
    23.824441181269375,
    26.86327296459455,
    29.902104747919726,
    32.819383259911895,
    35.85821504323707,
    38.77549355522924,
    41.81432533855441,
    44.85315712187959,
    47.770435633871756,
    50.809267417196935,
    53.84809920052211,
    56.76537771251428,
    59.80420949583945,
    62.72148800783162,
    65.76031979115679,
    68.79915157448197,
    71.71643008647413,
    74.75526186979931,
    77.67254038179148,
    80.71137216511666,
    83.75020394844184,
    86.667482460434,
    89.70631424375918,
    92.74514602708436,
    95.66242453907653,
    98.70125632240169,
    101.61853483439387,
    104.65736661771903,
    107.69619840104421,
    110.61347691303638,
    113.65230869636156,
    116.56958720835372,
    119.6084189916789,
    122.64725077500408,
    125.56452928699625,
    128.60336107032143,
    131.6421928536466,
    134.55947136563876,
    137.59830314896394,
    140.51558166095612,
    143.5544134442813,
    146.59324522760647,
    149.51052373959863,
    152.5493555229238,
    155.46663403491598,
    158.50546581824113,
    161.5442976015663,
    164.4615761135585,
    167.50040789688367,
    170.53923968020885,
    173.456518192201,
    176.49534997552618,
    179.41262848751836,
    182.45146027084354,
    185.49029205416872,
    188.40757056616087,
    191.44640234948605,
    194.36368086147823,
    197.40251264480338,
    200.44134442812856,
    203.35862294012074,
    206.39745472344592,
    209.4362865067711,
    212.35356501876325,
    215.39239680208843,
    218.3096753140806,
    221.3485070974058,
    224.38733888073094,
    227.30461739272312,
    230.3434491760483,
    233.26072768804048,
    236.29955947136563,
    239.3383912546908,
    242.25566976668298,
    245.29450155000816,
    248.33333333333334,
    251.2506118453255,
    254.28944362865067,
    257.20672214064285,
    260.24555392396803,
    263.2843857072932,
    266.20166421928536,
    269.24049600261054,
    272.1577745146027,
    275.1966062979279,
    278.23543808125305,
    281.1527165932452,
    284.1915483765704,
    287.1088268885626,
    290.14765867188777,
    293.18649045521295,
    296.1037689672051,
    299.1426007505303,
    302.18143253385546,
    305.0987110458476,
    308.1375428291728,
    311.05482134116494,
    314.0936531244901,
    317.1324849078153,
    320.04976341980745,
    323.0885952031326,
    326.00587371512484,
    329.04470549845,
    332.0835372817752,
    335.00081579376734,
    338.0396475770925,
    341.0784793604177,
    343.99575787240985,
    347.03458965573503,
    349.9518681677272,
    352.99069995105236,
    356.02953173437754,
    358.9468102463697,
    361.9856420296949,
    364.9029205416871,
    367.94175232501226,
    370.98058410833744,
    373.8978626203296,
    376.93669440365477,
    379.97552618697995,
    382.8928046989721,
    385.9316364822973,
    388.84891499428943,
    391.8877467776146,
    394.9265785609398,
    397.84385707293194,
    400.8826888562571,
    403.7999673682493,
    406.8387991515745,
    409.8776309348996,
    412.79490944689184,
    415.833741230217,
    418.8725730135422,
    421.78985152553435,
    424.8286833088595,
    427.7459618208517,
    430.78479360417685,
    433.82362538750203,
    436.7409038994942,
    439.77973568281936,
    442.6970141948116,
    445.73584597813675,
    448.7746777614619,
    451.6919562734541,
    454.73078805677926,
    457.76961984010444,
    460.6868983520966,
    463.72573013542177,
    466.6430086474139,
    469.6818404307391,
    472.7206722140643,
    475.63795072605643,
    478.6767825093816,
    481.5940610213738,
    484.632892804699,
    487.6717245880241,
    490.5890031000163,
    493.6278348833415,
    496.6666666666667,
    499.58394517865884,
    502.622776961984,
    505.54005547397617,
    508.57888725730135,
    511.6177190406265,
    514.5349975526187,
    517.5738293359439,
    520.4911078479361,
    523.5299396312612,
    526.5687714145864,
    529.4860499265785,
    532.5248817099038,
    535.4421602218958,
    538.4809920052211,
    541.5198237885462,
    544.4371023005384,
    547.4759340838636,
    550.5147658671888,
    553.432044379181,
    556.4708761625061,
    559.3881546744983,
    562.4269864578234,
    565.4658182411487,
    568.3830967531408,
    571.421928536466,
    574.3392070484581,
    577.3780388317833,
    580.4168706151085,
    583.3341491271007,
    586.3729809104259,
    589.411812693751,
    592.3290912057432,
    595.3679229890683,
    598.2852015010606,
    601.3240332843857,
    604.3628650677109,
    607.280143579703,
    610.3189753630282,
    613.2362538750203,
    616.2750856583456,
    619.3139174416707,
    622.2311959536629,
    625.2700277369881,
    628.3088595203133,
    631.2261380323055,
    634.2649698156306,
    637.1822483276228,
    640.2210801109479,
    643.2599118942732,
    646.1771904062653,
    649.2160221895905,
    652.1333007015826,
    655.1721324849078,
    658.2109642682329,
    661.1282427802252,
    664.1670745635504,
    667.2059063468755,
    670.1231848588677,
    673.1620166421928,
    676.079295154185,
    679.1181269375102,
    682.1569587208354,
    685.0742372328275,
    688.1130690161527,
    691.0303475281448,
    694.0691793114701,
    697.1080110947952,
    700.0252896067874,
    703.0641213901126,
    706.1029531734378,
    709.02023168543,
    712.0590634687551,
    714.9763419807473,
    718.0151737640724,
    721.0540055473977,
    723.9712840593897,
    727.010115842715,
    729.9273943547071,
    732.9662261380323,
    736.0050579213574,
    738.9223364333496,
    741.9611682166749,
    745.0
  ],