{
  "sample_rate": 0.30120481927710846,
  "period_count": 6,
  "timestamps": [
    0.0,
    3.199431933455062,
    6.567255021302495,
    9.935078109149929,
    13.302901196997363,
    16.502333130452424,
    19.870156218299858,
    23.23797930614729,
    26.605802393994725,
    29.97362548184216,
    33.17305741529722,
    36.540880503144656,
    39.90870359099209,
    43.276526678839524,
    46.64434976668696,
    49.84378170014202,
    53.21160478798945,
    56.579427875836885,
    59.94725096368432,
    63.31507405153175,
    66.51450598498681,
    69.88232907283425,
    73.25015216068168,
    76.61797524852912,
    79.98579833637655,
    83.1852302698316,
    86.55305335767905,
    89.92087644552647,
    93.28869953337392,
    96.65652262122134,
    99.8559545546764,
    103.22377764252384,
    106.59160073037127,
    109.95942381821871,
    113.32724690606614,
    116.5266788395212,
    119.89450192736864,
    123.26232501521606,
    126.6301481030635,
    129.99797119091093,
    133.197403124366,
    136.56522621221342,
    139.93304930006087,
    143.3008723879083,
    146.50030432136336,
    149.86812740921079,
    153.23595049705824,
    156.60377358490567,
    159.9715966727531,
    163.17102860620815,
    166.53885169405558,
    169.90667478190304,
    173.27449786975046,
    176.6423209575979,
    179.84175289105295,
    183.20957597890038,
    186.57739906674783,
    189.94522215459526,
    193.31304524244268,
    196.51247717589774,
    199.88030026374517,
    203.24812335159262,
    206.61594643944005,
    209.98376952728748,
    213.18320146074254,
    216.55102454858996,
    219.91884763643742,
    223.28667072428485,
    226.65449381213227,
    229.85392574558733,
    233.2217488334348,
    236.58957192128221,
    239.95739500912964,
    243.32521809697707,
    246.52465003043213,
    249.89247311827958,
    253.260296206127,
    256.62811929397446,
    259.99594238182186,
    263.1953743152769,
    266.5631974031244,
    269.9310204909718,
    273.29884357881923,
    276.6666666666667,
    279.86609860012175,
    283.23392168796914,
    286.6017447758166,
    289.96956786366405,
    293.1689997971191,
    296.5368228849665,
    299.90464597281397,
    303.27246906066136,
    306.6402921485088,
    309.8397240819639,
    313.20754716981133,
    316.57537025765873,
    319.9431933455062,
    323.31101643335364,
    326.5104483668087,
    329.8782714546561,
    333.24609454250356,
    336.613917630351,
    339.9817407181984,
    343.18117265165347,
    346.5489957395009,
    349.9168188273483,
    353.2846419151958,
    356.65246500304323,
    359.8518969364983,
    363.2197200243457,
    366.58754311219315,
    369.9553662000406,
    373.323189287888,
    376.52262122134306,
    379.8904443091905,
    383.2582673970379,
    386.62609048488537,
    389.9939135727328,
    393.1933455061879,
    396.5611685940353,
    399.92899168188274,
    403.2968147697302,
    406.6646378575776,
    409.86406979103265,
    413.2318928788801,
    416.59971596672756,
    419.96753905457496,
    423.16697098803,
    426.53479407587747,
    429.90261716372487,
    433.2704402515723,
    436.6382633394198,
    439.83769527287484,
    443.20551836072224,
    446.5733414485697,
    449.94116453641715,
    453.30898762426455,
    456.5084195577196,
    459.87624264556706,
    463.24406573341446,
    466.6118888212619,
    469.97971190910937,
    473.17914384256443,
    476.5469669304118,
    479.9147900182593,
    483.28261310610674,
    486.65043619395414,
    489.8498681274092,
    493.21769121525665,
    496.5855143031041,
    499.9533373909515,
    503.32116047879896,
    506.520592412254,
    509.8884155001014,
    513.2562385879489,
    516.6240616757963,
    519.9918847636437,
    523.1913166970988,
    526.5591397849462,
    529.9269628727936,
    533.2947859606411,
    536.6626090484885,
    539.8620409819436,
    543.229864069791,
    546.5976871576385,
    549.9655102454859,
    553.3333333333334,
    556.5327652667884,
    559.9005883546358,
    563.2684114424833,
    566.6362345303307,
    569.8356664637857,
    573.2034895516332,
    576.5713126394807,
    579.9391357273281,
    583.3069588151754,
    586.5063907486306,
    589.874213836478,
    593.2420369243255,
    596.6098600121728,
    599.9776831000203,
    603.1771150334754,
    606.5449381213227,
    609.9127612091702,
    613.2805842970176,
    616.6484073848651,
    619.8478393183201,
    623.2156624061676,
    626.583485494015,
    629.9513085818625,
    633.3191316697099,
    636.5185636031649,
    639.8863866910124,
    643.2542097788598,
    646.6220328667073,
    649.9898559545546,
    653.1892878880097,
    656.5571109758572,
    659.9249340637047,
    663.292757151552,
    666.6605802393995,
    669.8600121728546,
    673.227835260702,
    676.5956583485494,
    679.9634814363968,
    683.3313045242443,
    686.5307364576993,
    689.8985595455467,
    693.2663826333942,
    696.6342057212416,
    699.8336376546966,
    703.2014607425441,
    706.5692838303916,
    709.937106918239,
    713.3049300060865,
    716.5043619395415,
    719.8721850273889,
    723.2400081152364,
    726.6078312030838,
    729.9756542909312,
    733.1750862243863,
    736.5429093122337,
    739.9107324000812,
    743.2785554879285,
    746.646378575776,
    749.8458105092311,
    753.2136335970786,
    756.5814566849259,
    759.9492797727734,
    763.3171028606208,
    766.5165347940758,
    769.8843578819233,
    773.2521809697707,
    776.6200040576182,
    779.9878271454656,
    783.1872590789206,
    786.5550821667681,
    789.9229052546156,
    793.290728342463,
    796.6585514303104,
    799.8579833637655,
    803.2258064516129,
    806.5936295394604,
    809.9614526273077,
    813.3292757151552,
    816.5287076486103,
    819.8965307364577,
    823.2643538243051,
    826.6321769121525,
    830.0
  ],