{
  "sample_rate": 0.22401433691756273,
  "period_count": 6,
  "timestamps": [
    0.0,
    4.479049606678441,
    8.958099213356881,
    13.437148820035318,
    17.916198426713763,
    22.3952480333922,
    26.874297640070637,
    31.35334724674908,
    35.83239685342752,
    40.311446460105955,
    44.7904960667844,
    49.26954567346283,
    53.748595280141274,
    58.22764488681972,
    62.70669449349816,
    67.18574410017659,
    71.66479370685504,
    76.14384331353348,
    80.62289292021191,
    85.10194252689035,
    89.5809921335688,
    94.06004174024723,
    98.53909134692567,
    103.01814095360413,
    107.49719056028255,
    111.97624016696099,
    116.45528977363944,
    120.93433938031785,
    125.41338898699632,
    129.89243859367474,
    134.37148820035318,
    138.85053780703163,
    143.32958741371007,
    147.80863702038852,
    152.28768662706696,
    156.76673623374538,
    161.24578584042382,
    165.72483544710227,
    170.2038850537807,
    174.68293466045915,
    179.1619842671376,
    183.641033873816,
    188.12008348049446,
    192.5991330871729,
    197.07818269385135,
    201.5572323005298,
    206.03628190720823,
    210.51533151388665,
    214.9943811205651,
    219.47343072724354,
    223.95248033392198,
    228.43152994060043,
    232.91057954727887,
    237.38962915395734,
    241.8686787606357,
    246.34772836731418,
    250.82677797399265,
    255.30582758067106,
    259.7848771873495,
    264.26392679402795,
    268.74297640070637,
    273.22202600738484,
    277.70107561406326,
    282.35928720500885,
    286.83833681168727,
    291.31738641836574,
    295.79643602504416,
    300.2754856317226,
    304.75453523840105,
    309.23358484507946,
    313.71263445175794,
    318.19168405843635,
    322.67073366511477,
    327.14978327179324,
    331.62883287847166,
    336.1078824851501,
    340.58693209182854,
    345.065981698507,
    349.54503130518543,
    354.02408091186385,
    358.5031305185423,
    362.98218012522074,
    367.4612297318992,
    371.9402793385776,
    376.41932894525604,
    380.8983785519345,
    385.37742815861293,
    389.8564777652914,
    394.3355273719698,
    398.8145769786483,
    403.2936265853267,
    407.7726761920051,
    412.2517257986836,
    416.730775405362,
    421.2098250120405,
    425.6888746187189,
    430.16792422539737,
    434.6469738320758,
    439.1260234387542,
    443.6050730454327,
    448.0841226521111,
    452.56317225878956,
    457.042221865468,
    461.5212714721464,
    466.00032107882487,
    470.4793706855033,
    474.95842029218176,
    479.4374698988602,
    483.91651950553864,
    488.3955691122171,
    492.8746187188955,
    497.35366832557395,
    501.8327179322523,
    506.3117675389308,
    510.79081714560925,
    515.2698667522877,
    519.7489163589661,
    524.2279659656446,
    528.707015572323,
    533.1860651790015,
    537.6651147856799,
    542.1441643923583,
    546.6232139990368,
    551.1022636057152,
    555.5813132123936,
    560.2395248033392,
    564.7185744100177,
    569.1976240166961,
    573.6766736233745,
    578.155723230053,
    582.6347728367315,
    587.1138224434098,
    591.5928720500883,
    596.0719216567668,
    600.5509712634451,
    605.0300208701236,
    609.5090704768021,
    613.9881200834805,
    618.4671696901589,
    622.9462192968374,
    627.4252689035159,
    631.9043185101942,
    636.3833681168727,
    640.8624177235512,
    645.3414673302295,
    649.820516936908,
    654.2995665435865,
    658.778616150265,
    663.2576657569433,
    667.7367153636218,
    672.2157649703003,
    676.6948145769786,
    681.1738641836571,
    685.6529137903356,
    690.131963397014,
    694.6110130036924,
    699.0900626103709,
    703.5691122170493,
    708.0481618237277,
    712.5272114304062,
    717.0062610370846,
    721.4853106437631,
    725.9643602504415,
    730.44340985712,
    734.9224594637984,
    739.4015090704768,
    743.8805586771552,
    748.3596082838337,
    752.8386578905121,
    757.3177074971906,
    761.796757103869,
    766.2758067105475,
    770.7548563172259,
    775.2339059239043,
    779.7129555305828,
    784.1920051372612,
    788.6710547439396,
    793.1501043506181,
    797.6291539572966,
    802.1082035639749,
    806.5872531706534,
    811.0663027773319,
    815.5453523840102,
    820.0244019906887,
    824.5034515973672,
    828.9825012040457,
    833.461550810724,
    838.1197624016696,
    842.5988120083481,
    847.0778616150266,
    851.5569112217049,
    856.0359608283834,
    860.5150104350619,
    864.9940600417402,
    869.4731096484187,
    873.9521592550972,
    878.4312088617755,
    882.910258468454,
    887.3893080751325,
    891.868357681811,
    896.3474072884893,
    900.8264568951678,
    905.3055065018463,
    909.7845561085246,
    914.2636057152031,
    918.7426553218816,
    923.22170492856,
    927.7007545352384,
    932.1798041419169,
    936.6588537485953,
    941.1379033552737,
    945.6169529619522,
    950.0960025686306,
    954.5750521753091,
    959.0541017819875,
    963.5331513886659,
    968.0122009953444,
    972.4912506020228,
    976.9703002087012,
    981.4493498153797,
    985.9283994220582,
    990.4074490287366,
    994.886498635415,
    999.3655482420936,
    1003.8445978487719,
    1008.3236474554503,
    1012.8026970621288,
    1017.281746668807,
    1021.7607962754855,
    1026.239845882164,
    1030.7188954888425,
    1035.197945095521,
    1039.6769947021994,
    1044.1560443088779,
    1048.6350939155564,
    1053.1141435222348,
    1057.593193128913,
    1062.0722427355915,
    1066.55129234227,
    1071.0303419489485,
    1075.509391555627,
    1079.9884411623054,
    1084.467490768984,
    1088.9465403756622,
    1093.4255899823406,
    1097.904639589019,
    1102.3836891956976,
    1106.862738802376,
    1111.3417884090545,
    1116.0
  ],