{
  "sample_rate": 0.3078817733990148,
  "period_count": 6,
  "timestamps": [
    0.0,
    3.1849382231810157,
    6.369876446362031,
    9.7140615807021,
    12.898999803883115,
    16.24318493822318,
    19.428123161404198,
    22.772308295744267,
    25.957246518925274,
    29.301431653265347,
    32.48636987644636,
    35.830555010786426,
    39.01549323396745,
    42.35967836830751,
    45.54461659148853,
    48.88880172582859,
    52.07373994900961,
    55.41792508334967,
    58.60286330653069,
    61.94704844087076,
    65.13198666405178,
    68.47617179839185,
    71.66111002157285,
    74.84604824475387,
    78.19023337909394,
    81.37517160227496,
    84.71935673661503,
    87.90429495979603,
    91.2484800941361,
    94.43341831731712,
    97.77760345165719,
    100.9625416748382,
    104.30672680917827,
    107.49166503235928,
    110.83585016669934,
    114.02078838988037,
    117.36497352422043,
    120.54991174740144,
    123.89409688174152,
    127.07903510492253,
    130.4232202392626,
    133.6081584624436,
    136.9523435967837,
    140.1372818199647,
    143.48146695430475,
    146.66640517748579,
    149.8513434006668,
    153.19552853500687,
    156.38046675818788,
    159.72465189252793,
    162.90959011570897,
    166.25377525004902,
    169.43871347323005,
    172.7828986075701,
    175.9678368307511,
    179.3120219650912,
    182.4969601882722,
    185.84114532261228,
    189.02608354579328,
    192.37026868013336,
    195.55520690331437,
    198.89939203765445,
    202.08433026083546,
    205.4285153951755,
    208.61345361835654,
    211.9576387526966,
    215.14257697587763,
    218.48676211021768,
    221.6717003333987,
    224.85663855657972,
    228.20082369091978,
    231.3857619141008,
    234.72994704844086,
    237.91488527162187,
    241.25907040596195,
    244.44400862914296,
    247.78819376348304,
    250.97313198666404,
    254.31731712100412,
    257.50225534418513,
    260.8464404785252,
    264.0313787017062,
    267.3755638360463,
    270.5605020592273,
    273.9046871935674,
    277.0896254167484,
    280.43381055108847,
    283.6187487742695,
    286.9629339086095,
    290.14787213179056,
    293.4920572661306,
    296.67699548931165,
    299.86193371249266,
    303.2061188468327,
    306.39105707001374,
    309.73524220435377,
    312.92018042753483,
    316.26436556187485,
    319.44930378505586,
    322.79348891939594,
    325.97842714257695,
    329.322612276917,
    332.50755050009803,
    335.8517356344381,
    339.0366738576191,
    342.3808589919592,
    345.5657972151402,
    348.9099823494803,
    352.0949205726613,
    355.4391057070014,
    358.6240439301824,
    361.96822906452246,
    365.15316728770347,
    368.49735242204355,
    371.68229064522455,
    374.86722886840556,
    378.21141400274564,
    381.39635222592665,
    384.7405373602667,
    387.92547558344774,
    391.2696607177878,
    394.4545989409688,
    397.7987840753089,
    400.9837222984899,
    404.32790743282993,
    407.512845656011,
    410.857030790351,
    414.0419690135321,
    417.3861541478721,
    420.5710923710531,
    423.9152775053932,
    427.1002157285742,
    430.4444008629143,
    433.6293390860953,
    436.97352422043537,
    440.1584624436164,
    443.3434006667974,
    446.68758580113746,
    449.87252402431847,
    453.21670915865855,
    456.40164738183955,
    459.74583251617963,
    462.93077073936064,
    466.2749558737007,
    469.4598940968817,
    472.8040792312218,
    475.9890174544028,
    479.3332025887429,
    482.5181408119239,
    485.862325946264,
    489.047264169445,
    492.39144930378507,
    495.5763875269661,
    498.92057266130615,
    502.1055108844871,
    505.44969601882724,
    508.63463424200825,
    511.97881937634827,
    515.1637575995293,
    518.3486958227103,
    521.6928809570504,
    524.8778191802314,
    528.2220043145714,
    531.4069425377525,
    534.7511276720926,
    537.9360658952736,
    541.2802510296136,
    544.4651892527946,
    547.8093743871348,
    550.9943126103158,
    554.3384977446558,
    557.5234359678368,
    560.8676211021769,
    564.052559325358,
    567.396744459698,
    570.581682682879,
    573.925867817219,
    577.1108060404001,
    580.4549911747401,
    583.6399293979212,
    586.9841145322612,
    590.1690527554422,
    593.3539909786233,
    596.6981761129633,
    599.8831143361443,
    603.2272994704844,
    606.4122376936654,
    609.7564228280055,
    612.9413610511865,
    616.2855461855265,
    619.4704844087075,
    622.8146695430477,
    625.9996077662287,
    629.3437929005687,
    632.5287311237497,
    635.8729162580898,
    639.0578544812709,
    642.4020396156109,
    645.5869778387919,
    648.931162973132,
    652.116101196313,
    655.460286330653,
    658.645224553834,
    661.9894096881742,
    665.1743479113552,
    668.3592861345362,
    671.7034712688762,
    674.8884094920572,
    678.2325946263974,
    681.4175328495784,
    684.7617179839184,
    687.9466562070994,
    691.2908413414394,
    694.4757795646206,
    697.8199646989606,
    701.0049029221416,
    704.3490880564816,
    707.5340262796626,
    710.8782114140027,
    714.0631496371838,
    717.4073347715238,
    720.5922729947048,
    723.9364581290449,
    727.1213963522259,
    730.465581486566,
    733.650519709747,
    736.9947048440871,
    740.1796430672681,
    743.3645812904491,
    746.7087664247891,
    749.8937046479701,
    753.2378897823103,
    756.4228280054913,
    759.7670131398313,
    762.9519513630123,
    766.2961364973524,
    769.4810747205335,
    772.8252598548735,
    776.0101980780545,
    779.3543832123946,
    782.5393214355756,
    785.8835065699157,
    789.0684447930967,
    792.4126299274367,
    795.5975681506178,
    798.9417532849578,
    802.1266915081388,
    805.4708766424789,
    808.6558148656599,
    812.0
  ],