{
  "sample_rate": 0.2465483234714004,
  "period_count": 3,
  "timestamps": [
    0.0,
    4.056954577547657,
    8.113909155095314,
    12.170863732642971,
    16.227818310190628,
    20.284772887738292,
    24.34172746528595,
    28.3986820428336,
    32.455636620381256,
    36.51259119792893,
    40.569545775476584,
    44.62650035302424,
    48.6834549305719,
    52.740409508119555,
    56.79736408566721,
    60.85431866321488,
    65.1499176276771,
    69.20687220522476,
    73.26382678277241,
    77.32078136032007,
    81.37773593786773,
    85.4346905154154,
    89.49164509296305,
    93.54859967051073,
    97.60555424805835,
    101.66250882560604,
    105.71946340315367,
    109.77641798070135,
    113.83337255824898,
    117.89032713579667,
    121.9472817133443,
    126.00423629089198,
    130.2998352553542,
    134.35678983290185,
    138.4137444104495,
    142.47069898799717,
    146.52765356554482,
    150.58460814309248,
    154.64156272064014,
    158.6985172981878,
    162.75547187573545,
    166.8124264532831,
    170.8693810308308,
    174.92633560837845,
    178.9832901859261,
    183.04024476347377,
    187.09719934102142,
    191.39279830548364,
    195.4497528830313,
    199.50670746057895,
    203.5636620381266,
    207.62061661567427,
    211.67757119322192,
    215.73452577076958,
    219.79148034831724,
    223.84843492586492,
    227.90538950341255,
    231.96234408096024,
    236.01929865850786,
    240.07625323605555,
    244.13320781360324,
    248.19016239115086,
    252.2471169686985,
    256.54271593316076,
    260.5996705107084,
    264.6566250882561,
    268.7135796658037,
    272.7705342433514,
    276.827488820899,
    280.8844433984467,
    284.94139797599433,
    288.998352553542,
    293.05530713108965,
    297.11226170863733,
    301.16921628618496,
    305.22617086373265,
    309.2831254412803,
    313.34008001882796,
    317.6356789832902,
    321.69263356083786,
    325.7495881383855,
    329.8065427159332,
    333.8634972934808,
    337.9204518710285,
    341.9774064485761,
    346.0343610261238,
    350.09131560367143,
    354.1482701812191,
    358.20522475876675,
    362.26217933631443,
    366.31913391386206,
    370.37608849140975,
    374.4330430689574,
    378.48999764650506,
    382.7855966109673,
    386.84255118851496,
    390.8995057660626,
    394.9564603436103,
    399.0134149211579,
    403.0703694987056,
    407.1273240762532,
    411.1842786538009,
    415.24123323134853,
    419.2981878088962,
    423.35514238644384,
    427.41209696399153,
    431.46905154153916,
    435.52600611908684,
    439.5829606966345,
    443.87855966109674,
    447.9355142386444,
    451.99246881619206,
    456.0494233937397,
    460.1063779712874,
    464.163332548835,
    468.2202871263827,
    472.2772417039303,
    476.33419628147794,
    480.39115085902563,
    484.4481054365733,
    488.505060014121,
    492.5620145916687,
    496.61896916921626,
    500.67592374676394,
    504.7328783243115,
    509.02847728877384,
    513.0854318663215,
    517.1423864438691,
    521.1993410214168,
    525.2562955989645,
    529.3132501765122,
    533.3702047540597,
    537.4271593316074,
    541.4841139091551,
    545.5410684867028,
    549.5980230642504,
    553.654977641798,
    557.7119322193457,
    561.7688867968934,
    565.825841374441,
    569.8827959519887,
    574.1783949164509,
    578.2353494939986,
    582.2923040715463,
    586.3492586490939,
    590.4062132266415,
    594.4631678041892,
    598.5201223817369,
    602.5770769592846,
    606.6340315368321,
    610.6909861143798,
    614.7479406919275,
    618.8048952694752,
    622.8618498470228,
    626.9188044245705,
    630.9757590021181,
    635.2713579665804,
    639.328312544128,
    643.3852671216757,
    647.4422216992233,
    651.499176276771,
    655.5561308543187,
    659.6130854318664,
    663.6700400094139,
    667.7269945869616,
    671.7839491645093,
    675.840903742057,
    679.8978583196046,
    683.9548128971522,
    688.0117674746999,
    692.0687220522476,
    696.1256766297952,
    700.4212755942575,
    704.4782301718051,
    708.5351847493528,
    712.5921393269005,
    716.6490939044481,
    720.7060484819957,
    724.7630030595434,
    728.8199576370911,
    732.8769122146388,
    736.9338667921863,
    740.990821369734,
    745.0477759472817,
    749.1047305248294,
    753.161685102377,
    757.2186396799246,
    761.5142386443869,
    765.5711932219345,
    769.6281477994822,
    773.6851023770299,
    777.7420569545775,
    781.7990115321252,
    785.8559661096729,
    789.9129206872205,
    793.9698752647681,
    798.0268298423158,
    802.0837844198635,
    806.1407389974112,
    810.1976935749587,
    814.2546481525064,
    818.3116027300541,
    822.3685573076018,
    826.664156272064,
    830.7211108496117,
    834.7780654271593,
    838.835020004707,
    842.8919745822546,
    846.9489291598023,
    851.0058837373499,
    855.0628383148976,
    859.1197928924453,
    863.176747469993,
    867.2337020475405,
    871.2906566250882,
    875.3476112026359,
    879.4045657801836,
    883.4615203577312,
    887.7571193221935,
    891.8140738997411,
    895.8710284772887,
    899.9279830548364,
    903.9849376323841,
    908.0418922099317,
    912.0988467874794,
    916.1558013650271,
    920.2127559425747,
    924.2697105201223,
    928.32666509767,
    932.3836196752177,
    936.4405742527654,
    940.497528830313,
    944.5544834078606,
    948.6114379854083,
    952.9070369498705,
    956.9639915274182,
    961.0209461049659,
    965.0779006825135,
    969.1348552600612,
    973.1918098376088,
    977.2487644151565,
    981.3057189927041,
    985.3626735702518,
    989.4196281477994,
    993.4765827253473,
    997.5335373028947,
    1001.5904918804424,
    1005.6474464579901,
    1009.7044010355378,
    1014.0
  ],