{
  "sample_rate": 0.3048780487804878,
  "period_count": 8,
  "timestamps": [
    0.0,
    3.250991155840195,
    6.50198231168039,
    9.752973467520583,
    13.00396462336078,
    16.254955779200976,
    19.756023177798106,
    23.007014333638303,
    26.2580054894785,
    29.50899664531869,
    32.759987801158886,
    36.01097895699908,
    39.51204635559621,
    42.76303751143641,
    46.014028667276605,
    49.2650198231168,
    52.516010978957,
    55.76700213479719,
    59.268069533394325,
    62.51906068923452,
    65.77005184507472,
    69.02104300091491,
    72.2720341567551,
    75.5230253125953,
    79.02409271119242,
    82.27508386703262,
    85.52607502287282,
    88.77706617871301,
    92.02805733455321,
    95.27904849039341,
    98.78011588899054,
    102.03110704483073,
    105.28209820067093,
    108.53308935651113,
    111.78408051235132,
    115.0350716681915,
    118.53613906678865,
    121.78713022262883,
    125.03812137846904,
    128.28911253430923,
    131.54010369014944,
    134.79109484598962,
    138.29216224458676,
    141.54315340042695,
    144.79414455626716,
    148.04513571210734,
    151.29612686794752,
    154.54711802378773,
    158.04818542238485,
    161.29917657822506,
    164.55016773406524,
    167.80115888990545,
    171.05215004574563,
    174.30314120158585,
    177.80420860018296,
    181.05519975602317,
    184.30619091186335,
    187.55718206770356,
    190.80817322354375,
    194.05916437938396,
    197.56023177798107,
    200.81122293382128,
    204.06221408966147,
    207.31320524550165,
    210.56419640134186,
    213.81518755718204,
    217.3162549557792,
    220.56724611161937,
    223.81823726745958,
    227.06922842329976,
    230.32021957913997,
    233.57121073498016,
    237.0722781335773,
    240.32326928941748,
    243.5742604452577,
    246.82525160109788,
    250.0762427569381,
    253.3272339127783,
    256.8283013113754,
    260.0792924672156,
    263.3302836230558,
    266.581274778896,
    269.8322659347362,
    273.3333333333333,
    276.5843244891735,
    279.8353156450137,
    283.0863068008539,
    286.3372979566941,
    289.5882891125343,
    293.0893565111314,
    296.34034766697164,
    299.5913388228118,
    302.842329978652,
    306.0933211344922,
    309.34431229033237,
    312.84537968892954,
    316.0963708447697,
    319.3473620006099,
    322.5983531564501,
    325.8493443122903,
    329.1003354681305,
    332.60140286672765,
    335.8523940225678,
    339.103385178408,
    342.35437633424823,
    345.60536749008844,
    348.8563586459286,
    352.35742604452577,
    355.6084172003659,
    358.85940835620613,
    362.11039951204634,
    365.3613906678865,
    368.6123818237267,
    372.1134492223239,
    375.36444037816403,
    378.61543153400424,
    381.86642268984446,
    385.1174138456846,
    388.3684050015248,
    391.86947240012194,
    395.12046355596215,
    398.37145471180236,
    401.62244586764257,
    404.8734370234827,
    408.12442817932293,
    411.62549557792005,
    414.87648673376026,
    418.12747788960047,
    421.3784690454406,
    424.62946020128084,
    427.88045135712105,
    431.38151875571816,
    434.6325099115584,
    437.8835010673986,
    441.13449222323874,
    444.38548337907895,
    447.63647453491916,
    451.1375419335163,
    454.3885330893565,
    457.6395242451967,
    460.89051540103685,
    464.14150655687706,
    467.3924977127173,
    470.8935651113144,
    474.1445562671546,
    477.39554742299475,
    480.64653857883496,
    483.8975297346752,
    487.1485208905154,
    490.6495882891125,
    493.9005794449527,
    497.15157060079287,
    500.4025617566331,
    503.6535529124733,
    506.9045440683135,
    510.4056114669106,
    513.6566026227508,
    516.907593778591,
    520.1585849344312,
    523.4095760902713,
    526.6605672461116,
    530.1616346447087,
    533.4126258005489,
    536.6636169563891,
    539.9146081122293,
    543.1655992680695,
    546.6666666666666,
    549.9176578225068,
    553.168648978347,
    556.4196401341873,
    559.6706312900274,
    562.9216224458676,
    566.4226898444647,
    569.6736810003049,
    572.9246721561451,
    576.1756633119853,
    579.4266544678255,
    582.6776456236657,
    586.1787130222629,
    589.4297041781031,
    592.6806953339433,
    595.9316864897834,
    599.1826776456236,
    602.4336688014638,
    605.9347362000609,
    609.1857273559011,
    612.4367185117413,
    615.6877096675815,
    618.9387008234218,
    622.189691979262,
    625.6907593778591,
    628.9417505336993,
    632.1927416895394,
    635.4437328453796,
    638.6947240012198,
    641.94571515706,
    645.4467825556571,
    648.6977737114973,
    651.9487648673376,
    655.1997560231778,
    658.450747179018,
    661.7017383348582,
    665.2028057334553,
    668.4537968892955,
    671.7047880451356,
    674.9557792009758,
    678.206770356816,
    681.4577615126562,
    684.9588289112534,
    688.2098200670936,
    691.4608112229338,
    694.711802378774,
    697.9627935346142,
    701.2137846904543,
    704.7148520890515,
    707.9658432448916,
    711.2168344007318,
    714.467825556572,
    717.7188167124123,
    720.9698078682525,
    724.4708752668496,
    727.7218664226898,
    730.97285757853,
    734.2238487343702,
    737.4748398902103,
    740.7258310460505,
    744.2268984446478,
    747.4778896004879,
    750.7288807563281,
    753.9798719121683,
    757.2308630680085,
    760.4818542238487,
    763.9829216224458,
    767.233912778286,
    770.4849039341262,
    773.7358950899664,
    776.9868862458065,
    780.2378774016468,
    783.7389448002439,
    786.9899359560841,
    790.2409271119243,
    793.4919182677645,
    796.7429094236047,
    799.9939005794449,
    803.494967978042,
    806.7459591338823,
    809.9969502897225,
    813.2479414455626,
    816.4989326014028,
    820.0
  ],