{
  "sample_rate": 0.2696871628910464,
  "period_count": 22,
  "timestamps": [
    0.0,
    3.499056349420329,
    7.248045295227825,
    10.997034241035319,
    14.746023186842816,
    18.49501213265031,
    22.244001078457806,
    25.992990024265303,
    29.741978970072797,
    33.49096791588029,
    36.99002426530062,
    40.739013211108116,
    44.48800215691561,
    48.23699110272311,
    51.98598004853061,
    55.7349689943381,
    59.483957940145594,
    63.23294688595309,
    66.98193583176058,
    70.73092477756808,
    74.2299811269884,
    77.9789700727959,
    81.7279590186034,
    85.4769479644109,
    89.2259369102184,
    92.97492585602589,
    96.72391480183339,
    100.47290374764087,
    104.22189269344837,
    107.7209490428687,
    111.4699379886762,
    115.21892693448369,
    118.96791588029119,
    122.71690482609868,
    126.46589377190618,
    130.21488271771366,
    133.96387166352116,
    137.71286060932866,
    141.46184955513615,
    144.96090590455648,
    148.70989485036398,
    152.45888379617148,
    156.20787274197897,
    159.95686168778647,
    163.70585063359397,
    167.45483957940147,
    171.20382852520896,
    174.95281747101646,
    178.4518738204368,
    182.20086276624428,
    185.94985171205178,
    189.69884065785928,
    193.44782960366678,
    197.19681854947427,
    200.94580749528174,
    204.69479644108924,
    208.44378538689674,
    212.19277433270423,
    215.69183068212456,
    219.44081962793206,
    223.18980857373955,
    226.93879751954705,
    230.68778646535455,
    234.43677541116205,
    238.18576435696954,
    241.93475330277704,
    245.68374224858454,
    249.43273119439203,
    252.93178754381236,
    256.68077648961986,
    260.4297654354273,
    264.17875438123485,
    267.9277433270423,
    271.67673227284985,
    275.4257212186573,
    279.17471016446484,
    282.9236991102723,
    286.42275545969267,
    290.17174440550014,
    293.92073335130766,
    297.66972229711513,
    301.41871124292265,
    305.1677001887301,
    308.91668913453765,
    312.6656780803451,
    316.4146670261526,
    320.1636559719601,
    323.6627123213804,
    327.41170126718794,
    331.1606902129954,
    334.90967915880293,
    338.6586681046104,
    342.4076570504179,
    346.1566459962254,
    349.9056349420329,
    353.6546238878404,
    357.15368023726074,
    360.9026691830682,
    364.65165812887574,
    368.4006470746832,
    372.14963602049073,
    375.8986249662982,
    379.6476139121057,
    383.3966028579132,
    387.1455918037207,
    390.8945807495282,
    394.39363709894855,
    398.142626044756,
    401.8916149905635,
    405.640603936371,
    409.3895928821785,
    413.138581827986,
    416.88757077379347,
    420.636559719601,
    424.38554866540846,
    427.8846050148288,
    431.6335939606363,
    435.3825829064438,
    439.1315718522513,
    442.8805607980588,
    446.6295497438663,
    450.3785386896738,
    454.1275276354813,
    457.8765165812888,
    461.62550552709627,
    465.1245618765166,
    468.8735508223241,
    472.6225397681316,
    476.3715287139391,
    480.12051765974655,
    483.8695066055541,
    487.61849555136155,
    491.3674844971691,
    495.11647344297654,
    498.86546238878407,
    502.36451873820437,
    506.1135076840119,
    509.86249662981936,
    513.6114855756268,
    517.3604745214344,
    521.1094634672419,
    524.8584524130493,
    528.6074413588568,
    532.3564303046644,
    535.8554866540846,
    539.6044755998922,
    543.3534645456997,
    547.1024534915072,
    550.8514424373146,
    554.6004313831221,
    558.3494203289297,
    562.0984092747372,
    565.8473982205446,
    569.5963871663521,
    573.0954435157724,
    576.8444324615799,
    580.5934214073875,
    584.342410353195,
    588.0913992990024,
    591.8403882448099,
    595.5893771906175,
    599.338366136425,
    603.0873550822324,
    606.5864114316528,
    610.3354003774602,
    614.0843893232677,
    617.8333782690753,
    621.5823672148828,
    625.3313561606902,
    629.0803451064977,
    632.8293340523052,
    636.5783229981128,
    640.3273119439202,
    643.8263682933406,
    647.575357239148,
    651.3243461849555,
    655.073335130763,
    658.8223240765706,
    662.571313022378,
    666.3203019681855,
    670.069290913993,
    673.8182798598006,
    677.3173362092208,
    681.0663251550284,
    684.8153141008358,
    688.5643030466433,
    692.3132919924508,
    696.0622809382584,
    699.8112698840658,
    703.5602588298733,
    707.3092477756808,
    711.0582367214882,
    714.5572930709086,
    718.3062820167161,
    722.0552709625237,
    725.8042599083311,
    729.5532488541386,
    733.302237799946,
    737.0512267457536,
    740.8002156915611,
    744.5492046373686,
    748.298193583176,
    751.7972499325964,
    755.5462388784039,
    759.2952278242115,
    763.0442167700189,
    766.7932057158264,
    770.5421946616339,
    774.2911836074414,
    778.0401725532489,
    781.7891614990564,
    785.2882178484767,
    789.0372067942842,
    792.7861957400917,
    796.5351846858991,
    800.2841736317067,
    804.0331625775142,
    807.7821515233217,
    811.5311404691291,
    815.2801294149367,
    819.0291183607442,
    822.5281747101645,
    826.277163655972,
    830.0261526017795,
    833.7751415475869,
    837.5241304933945,
    841.273119439202,
    845.0221083850095,
    848.7710973308169,
    852.5200862766245,
    856.0191426260448,
    859.7681315718523,
    863.5171205176598,
    867.2661094634673,
    871.0150984092747,
    874.7640873550822,
    878.5130763008898,
    882.2620652466973,
    886.0110541925047,
    889.7600431383122,
    893.2590994877326,
    897.00808843354,
    900.7570773793476,
    904.5060663251551,
    908.2550552709625,
    912.00404421677,
    915.7530331625776,
    919.5020221083851,
    923.2510110541925,
    927.0
  ],