{
  "sample_rate": 0.2222222222222222,
  "period_count": 18,
  "timestamps": [
    0.0,
    4.450409720259961,
    8.900819440519921,
    13.351229160779882,
    17.801638881039842,
    22.5699350098898,
    27.02034473014976,
    31.47075445040972,
    35.921164170669684,
    40.37157389092964,
    45.1398700197796,
    49.590279740039556,
    54.04068946029952,
    58.49109918055948,
    62.94150890081944,
    67.7098050296694,
    72.16021474992935,
    76.61062447018932,
    81.06103419044928,
    85.82933031929923,
    90.2797400395592,
    94.73014975981916,
    99.18055948007911,
    103.63096920033908,
    108.39926532918903,
    112.84967504944899,
    117.30008476970896,
    121.75049448996891,
    126.20090421022887,
    130.96920033907884,
    135.4196100593388,
    139.87001977959875,
    144.3204294998587,
    149.0887256287087,
    153.53913534896864,
    157.9895450692286,
    162.43995478948855,
    166.8903645097485,
    171.65866063859846,
    176.10907035885845,
    180.5594800791184,
    185.00988979937836,
    189.4602995196383,
    194.22859564848827,
    198.67900536874822,
    203.1294150890082,
    207.57982480926816,
    212.34812093811811,
    216.79853065837807,
    221.24894037863803,
    225.69935009889798,
    230.14975981915796,
    234.91805594800792,
    239.36846566826787,
    243.81887538852783,
    248.26928510878778,
    252.71969482904774,
    257.4879909578977,
    261.9384006781577,
    266.3888103984176,
    270.8392201186776,
    275.28962983893757,
    280.0579259677875,
    284.50833568804745,
    288.95874540830744,
    293.40915512856736,
    298.1774512574174,
    302.6278609776773,
    307.0782706979373,
    311.5286804181972,
    315.9790901384572,
    320.74738626730715,
    325.19779598756713,
    329.64820570782706,
    334.09861542808704,
    338.54902514834697,
    343.3173212771969,
    347.7677309974569,
    352.2181407177169,
    356.6685504379768,
    361.4368465668268,
    365.88725628708676,
    370.3376660073467,
    374.78807572760667,
    379.23848544786665,
    384.0067815767166,
    388.45719129697653,
    392.9076010172365,
    397.35801073749644,
    401.8084204577564,
    406.5767165866064,
    411.02712630686636,
    415.4775360271263,
    419.9279457473863,
    424.69624187623623,
    429.14665159649616,
    433.59706131675614,
    438.0474710370161,
    442.49788075727605,
    447.266176886126,
    451.716586606386,
    456.1669963266459,
    460.6174060469059,
    465.0678157671659,
    469.83611189601584,
    474.28652161627576,
    478.73693133653575,
    483.1873410567957,
    487.63775077705566,
    492.4060469059056,
    496.8564566261656,
    501.3068663464255,
    505.7572760666855,
    510.52557219553546,
    514.9759819157954,
    519.4263916360554,
    523.8768013563154,
    528.3272110765753,
    533.0955072054253,
    537.5459169256852,
    541.9963266459451,
    546.4467363662052,
    550.8971460864651,
    555.665442215315,
    560.115851935575,
    564.566261655835,
    569.0166713760949,
    573.7849675049449,
    578.2353772252048,
    582.6857869454648,
    587.1361966657248,
    591.5866063859847,
    596.3549025148347,
    600.8053122350947,
    605.2557219553546,
    609.7061316756145,
    614.1565413958746,
    618.9248375247245,
    623.3752472449845,
    627.8256569652444,
    632.2760666855044,
    637.0443628143544,
    641.4947725346143,
    645.9451822548742,
    650.3955919751343,
    654.8460016953942,
    659.6142978242441,
    664.0647075445041,
    668.5151172647641,
    672.965526985024,
    677.415936705284,
    682.1842328341339,
    686.6346425543938,
    691.0850522746539,
    695.5354619949138,
    699.9858717151737,
    704.7541678440238,
    709.2045775642837,
    713.6549872845436,
    718.1053970048036,
    722.8736931336535,
    727.3241028539135,
    731.7745125741735,
    736.2249222944334,
    740.6753320146934,
    745.4436281435434,
    749.8940378638033,
    754.3444475840632,
    758.7948573043233,
    763.2452670245832,
    768.0135631534332,
    772.4639728736931,
    776.9143825939531,
    781.364792314213,
    786.133088443063,
    790.5834981633229,
    795.033907883583,
    799.4843176038429,
    803.9347273241028,
    808.7030234529528,
    813.1534331732128,
    817.6038428934727,
    822.0542526137327,
    826.5046623339927,
    831.2729584628426,
    835.7233681831026,
    840.1737779033625,
    844.6241876236224,
    849.3924837524725,
    853.8428934727324,
    858.2933031929923,
    862.7437129132524,
    867.1941226335123,
    871.9624187623623,
    876.4128284826222,
    880.8632382028821,
    885.3136479231421,
    889.7640576434021,
    894.532353772252,
    898.982763492512,
    903.433173212772,
    907.8835829330319,
    912.3339926532918,
    917.1022887821418,
    921.5526985024018,
    926.0031082226618,
    930.4535179429217,
    935.2218140717716,
    939.6722237920317,
    944.1226335122916,
    948.5730432325515,
    953.0234529528116,
    957.7917490816615,
    962.2421588019214,
    966.6925685221814,
    971.1429782424414,
    975.5933879627013,
    980.3616840915513,
    984.8120938118112,
    989.2625035320712,
    993.7129132523312,
    998.4812093811811,
    1002.9316191014411,
    1007.382028821701,
    1011.832438541961,
    1016.2828482622209,
    1021.0511443910709,
    1025.501554111331,
    1029.9519638315908,
    1034.4023735518508,
    1038.8527832721109,
    1043.6210794009608,
    1048.0714891212206,
    1052.5218988414806,
    1056.9723085617406,
    1061.7406046905905,
    1066.1910144108506,
    1070.6414241311104,
    1075.0918338513704,
    1079.5422435716305,
    1084.3105397004804,
    1088.7609494207404,
    1093.2113591410002,
    1097.6617688612603,
    1102.11217858152,
    1106.8804747103702,
    1111.33088443063,
    1115.78129415089,
    1120.23170387115,
    1125.0
  ],