{
  "sample_rate": 0.28153153153153154,
  "period_count": 20,
  "timestamps": [
    0.0,
    3.3578549329666547,
    7.020969405293915,
    10.684083877621175,
    14.04193881058783,
    17.70505328291509,
    21.36816775524235,
    24.726022688209007,
    28.389137160536265,
    32.05225163286352,
    35.41010656583018,
    39.07322103815744,
    42.7363355104847,
    46.09419044345136,
    49.75730491577862,
    53.42041938810588,
    56.77827432107253,
    60.441388793399796,
    64.10450326572705,
    67.4623581986937,
    71.12547267102097,
    74.78858714334822,
    78.45170161567549,
    81.80955654864215,
    85.4726710209694,
    89.13578549329667,
    92.49364042626333,
    96.15675489859058,
    99.81986937091784,
    103.17772430388449,
    106.84083877621175,
    110.50395324853902,
    113.86180818150567,
    117.52492265383293,
    121.1880371261602,
    124.54589205912684,
    128.2090065314541,
    131.87212100378136,
    135.22997593674802,
    138.89309040907528,
    142.55620488140255,
    145.9140598143692,
    149.57717428669645,
    153.2402887590237,
    156.90340323135098,
    160.26125816431764,
    163.9243726366449,
    167.58748710897214,
    170.9453420419388,
    174.60845651426607,
    178.27157098659333,
    181.62942591956,
    185.29254039188726,
    188.9556548642145,
    192.31350979718115,
    195.97662426950842,
    199.63973874183569,
    202.99759367480235,
    206.66070814712958,
    210.32382261945685,
    213.6816775524235,
    217.34479202475077,
    221.00790649707804,
    224.67102096940528,
    228.02887590237194,
    231.6919903746992,
    235.35510484702647,
    238.71295977999313,
    242.3760742523204,
    246.03918872464763,
    249.3970436576143,
    253.06015812994156,
    256.7232726022688,
    260.08112753523545,
    263.7442420075627,
    267.40735647989,
    270.7652114128567,
    274.4283258851839,
    278.09144035751115,
    281.44929529047783,
    285.1124097628051,
    288.77552423513237,
    292.133379168099,
    295.79649364042626,
    299.45960811275353,
    303.1227225850808,
    306.4805775180474,
    310.1436919903747,
    313.80680646270196,
    317.1646613956686,
    320.82777586799585,
    324.4908903403231,
    327.8487452732898,
    331.5118597456171,
    335.1749742179443,
    338.53282915091097,
    342.19594362323824,
    345.8590580955655,
    349.21691302853213,
    352.8800275008594,
    356.54314197318666,
    359.9009969061533,
    363.56411137848056,
    367.2272258508078,
    370.8903403231351,
    374.2481952561017,
    377.911309728429,
    381.57442420075625,
    384.93227913372294,
    388.5953936060502,
    392.2585080783774,
    395.6163630113441,
    399.27947748367137,
    402.94259195599864,
    406.30044688896527,
    409.96356136129253,
    413.6266758336198,
    416.98453076658643,
    420.6476452389137,
    424.31075971124096,
    427.66861464420765,
    431.33172911653486,
    434.9948435888621,
    438.3526985218288,
    442.0158129941561,
    445.67892746648334,
    449.34204193881055,
    452.69989687177724,
    456.3630113441045,
    460.0261258164318,
    463.3839807493984,
    467.04709522172567,
    470.71020969405293,
    474.06806462701957,
    477.73117909934683,
    481.3942935716741,
    484.7521485046408,
    488.41526297696805,
    492.07837744929526,
    495.43623238226195,
    499.0993468545892,
    502.7624613269165,
    506.1203162598831,
    509.7834307322104,
    513.4465452045376,
    516.8044001375043,
    520.4675146098316,
    524.1306290821589,
    527.793743554486,
    531.1515984874527,
    534.81471295978,
    538.4778274321072,
    541.8356823650739,
    545.4987968374012,
    549.1619113097285,
    552.519766242695,
    556.1828807150223,
    559.8459951873496,
    563.2038501203162,
    566.8669645926435,
    570.5300790649708,
    573.8879339979375,
    577.5510484702647,
    581.214162942592,
    584.5720178755586,
    588.2351323478858,
    591.8982468202131,
    595.5613612925404,
    598.9192162255071,
    602.5823306978343,
    606.2454451701616,
    609.6033001031282,
    613.2664145754554,
    616.9295290477827,
    620.2873839807494,
    623.9504984530766,
    627.6136129254039,
    630.9714678583706,
    634.6345823306979,
    638.2976968030251,
    641.6555517359917,
    645.318666208319,
    648.9817806806462,
    652.3396356136129,
    656.0027500859402,
    659.6658645582675,
    663.0237194912341,
    666.6868339635613,
    670.3499484358886,
    674.0130629082158,
    677.3709178411825,
    681.0340323135098,
    684.697146785837,
    688.0550017188037,
    691.718116191131,
    695.3812306634583,
    698.7390855964248,
    702.4022000687521,
    706.0653145410794,
    709.4231694740461,
    713.0862839463733,
    716.7493984187006,
    720.1072533516673,
    723.7703678239944,
    727.4334822963217,
    730.7913372292884,
    734.4544517016157,
    738.1175661739429,
    741.7806806462702,
    745.1385355792369,
    748.8016500515641,
    752.4647645238914,
    755.822619456858,
    759.4857339291852,
    763.1488484015125,
    766.5067033344792,
    770.1698178068065,
    773.8329322791337,
    777.1907872121004,
    780.8539016844277,
    784.5170161567548,
    787.8748710897215,
    791.5379855620488,
    795.201100034376,
    798.5589549673427,
    802.22206943967,
    805.8851839119973,
    809.2430388449638,
    812.9061533172911,
    816.5692677896184,
    820.2323822619456,
    823.5902371949123,
    827.2533516672396,
    830.9164661395669,
    834.2743210725336,
    837.9374355448608,
    841.600550017188,
    844.9584049501547,
    848.6215194224819,
    852.2846338948092,
    855.6424888277759,
    859.3056033001031,
    862.9687177724304,
    866.326572705397,
    869.9896871777242,
    873.6528016500515,
    877.0106565830182,
    880.6737710553455,
    884.3368855276727,
    888.0
  ],