{
  "sample_rate": 0.2824858757062147,
  "period_count": 10,
  "timestamps": [
    0.0,
    3.5160084131806495,
    7.032016826361299,
    10.548025239541948,
    14.064033652722598,
    17.580042065903246,
    21.30287450338864,
    24.81888291656929,
    28.33489132974994,
    31.85089974293059,
    35.366908156111236,
    39.08974059359663,
    42.60574900677728,
    46.12175741995793,
    49.63776583313858,
    53.15377424631923,
    56.66978265949988,
    60.392615096985274,
    63.908623510165924,
    67.42463192334657,
    70.94064033652722,
    74.45664874970787,
    78.17948118719326,
    81.69548960037392,
    85.21149801355456,
    88.72750642673522,
    92.24351483991586,
    95.75952325309652,
    99.48235569058191,
    102.99836410376255,
    106.5143725169432,
    110.03038093012385,
    113.5463893433045,
    117.26922178078989,
    120.78523019397055,
    124.30123860715119,
    127.81724702033185,
    131.3332554335125,
    135.05608787099789,
    138.57209628417854,
    142.0881046973592,
    145.60411311053983,
    149.12012152372048,
    152.63612993690114,
    156.35896237438652,
    159.87497078756718,
    163.39097920074784,
    166.90698761392846,
    170.42299602710912,
    174.14582846459453,
    177.66183687777516,
    181.17784529095582,
    184.69385370413647,
    188.20986211731713,
    191.72587053049776,
    195.44870296798317,
    198.96471138116382,
    202.48071979434445,
    205.9967282075251,
    209.51273662070577,
    213.23556905819115,
    216.7515774713718,
    220.26758588455246,
    223.7835942977331,
    227.29960271091375,
    231.02243514839915,
    234.53844356157978,
    238.05445197476044,
    241.5704603879411,
    245.08646880112175,
    248.60247721430238,
    252.3253096517878,
    255.84131806496845,
    259.3573264781491,
    262.87333489132976,
    266.38934330451036,
    270.11217574199577,
    273.6281841551764,
    277.1441925683571,
    280.66020098153774,
    284.1762093947184,
    287.692217807899,
    291.4150502453844,
    294.93105865856506,
    298.4470670717457,
    301.9630754849264,
    305.47908389810704,
    309.2019163355924,
    312.71792474877304,
    316.2339331619537,
    319.74994157513436,
    323.265949988315,
    326.7819584014957,
    330.504790838981,
    334.0207992521617,
    337.53680766534234,
    341.052816078523,
    344.56882449170365,
    348.29165692918906,
    351.8076653423697,
    355.3236737555503,
    358.839682168731,
    362.35569058191163,
    366.07852301939704,
    369.5945314325777,
    373.11053984575835,
    376.62654825893895,
    380.1425566721196,
    383.65856508530027,
    387.3813975227857,
    390.89740593596633,
    394.413414349147,
    397.92942276232765,
    401.44543117550825,
    405.16826361299366,
    408.6842720261743,
    412.20028043935497,
    415.7162888525356,
    419.2322972657163,
    422.74830567889694,
    426.4711381163823,
    429.98714652956295,
    433.5031549427436,
    437.01916335592426,
    440.5351717691049,
    444.2580042065903,
    447.77401261977093,
    451.2900210329516,
    454.80602944613224,
    458.3220378593129,
    462.0448702967983,
    465.56087870997897,
    469.07688712315957,
    472.5928955363402,
    476.1089039495209,
    479.62491236270154,
    483.34774480018694,
    486.8637532133676,
    490.3797616265482,
    493.89577003972886,
    497.4117784529095,
    501.1346108903949,
    504.6506193035756,
    508.16662771675624,
    511.6826361299369,
    515.1986445431176,
    518.7146529562982,
    522.4374853937836,
    525.9534938069642,
    529.4695022201448,
    532.9855106333255,
    536.5015190465061,
    540.2243514839915,
    543.7403598971722,
    547.2563683103529,
    550.7723767235335,
    554.2883851367142,
    558.0112175741996,
    561.5272259873802,
    565.0432344005609,
    568.5592428137415,
    572.0752512269221,
    575.5912596401027,
    579.3140920775882,
    582.8301004907688,
    586.3461089039495,
    589.8621173171301,
    593.3781257303108,
    597.1009581677962,
    600.6169665809769,
    604.1329749941575,
    607.6489834073382,
    611.1649918205188,
    614.6810002336995,
    618.4038326711848,
    621.9198410843654,
    625.4358494975461,
    628.9518579107267,
    632.4678663239074,
    636.1906987613928,
    639.7067071745735,
    643.2227155877541,
    646.7387240009348,
    650.2547324141154,
    653.7707408272961,
    657.4935732647815,
    661.009581677962,
    664.5255900911427,
    668.0415985043234,
    671.557606917504,
    675.2804393549894,
    678.7964477681701,
    682.3124561813507,
    685.8284645945314,
    689.344473007712,
    693.0673054451975,
    696.5833138583781,
    700.0993222715588,
    703.6153306847394,
    707.13133909792,
    710.6473475111006,
    714.370179948586,
    717.8861883617667,
    721.4021967749474,
    724.918205188128,
    728.4342136013087,
    732.1570460387941,
    735.6730544519747,
    739.1890628651554,
    742.705071278336,
    746.2210796915167,
    749.7370881046974,
    753.4599205421827,
    756.9759289553633,
    760.491937368544,
    764.0079457817246,
    767.5239541949053,
    771.2467866323907,
    774.7627950455714,
    778.278803458752,
    781.7948118719327,
    785.3108202851133,
    789.0336527225987,
    792.5496611357794,
    796.0656695489599,
    799.5816779621406,
    803.0976863753212,
    806.6136947885019,
    810.3365272259873,
    813.852535639168,
    817.3685440523486,
    820.8845524655293,
    824.4005608787099,
    828.1233933161953,
    831.639401729376,
    835.1554101425567,
    838.6714185557373,
    842.187426968918,
    845.7034353820985,
    849.4262678195839,
    852.9422762327646,
    856.4582846459452,
    859.9742930591259,
    863.4903014723066,
    867.213133909792,
    870.7291423229726,
    874.2451507361533,
    877.7611591493339,
    881.2771675625146,
    885.0
  ],