{
  "sample_rate": 0.2844141069397042,
  "period_count": 8,
  "timestamps": [
    0.0,
    3.3987433542774284,
    6.797486708554857,
    10.196230062832285,
    14.019816336394392,
    17.418559690671824,
    20.817303044949252,
    24.640889318511356,
    28.039632672788784,
    31.438376027066212,
    35.261962300628326,
    38.660705654905755,
    42.05944900918318,
    45.88303528274529,
    49.28177863702272,
    52.68052199130015,
    56.07926534557757,
    59.90285161913968,
    63.30159497341711,
    66.70033832769454,
    70.52392460125665,
    73.92266795553408,
    77.32141130981151,
    81.14499758337361,
    84.54374093765104,
    87.94248429192847,
    91.76607056549058,
    95.16481391976801,
    98.56355727404544,
    101.96230062832286,
    105.78588690188496,
    109.18463025616241,
    112.58337361043984,
    116.40695988400194,
    119.80570323827936,
    123.20444659255679,
    127.0280328661189,
    130.42677622039633,
    133.82551957467376,
    137.64910584823588,
    141.0478492025133,
    144.44659255679073,
    147.84533591106816,
    151.66892218463025,
    155.06766553890768,
    158.4664088931851,
    162.28999516674722,
    165.68873852102465,
    169.08748187530207,
    172.9110681488642,
    176.30981150314162,
    179.70855485741905,
    183.53214113098116,
    186.9308844852586,
    190.32962783953602,
    194.15321411309813,
    197.55195746737556,
    200.950700821653,
    204.34944417593042,
    208.1730304494925,
    211.57177380376993,
    214.97051715804736,
    218.79410343160947,
    222.1928467858869,
    225.59159014016433,
    229.41517641372644,
    232.81391976800387,
    236.2126631222813,
    240.0362493958434,
    243.43499275012084,
    246.83373610439827,
    250.2324794586757,
    254.0560657322378,
    257.45480908651524,
    260.85355244079267,
    264.6771387143548,
    268.0758820686322,
    271.47462542290964,
    275.29821169647175,
    278.6969550507492,
    282.0956984050266,
    285.9192846785887,
    289.31802803286615,
    292.7167713871436,
    296.115514741421,
    299.93910101498307,
    303.3378443692605,
    306.7365877235379,
    310.56017399710004,
    313.95891735137747,
    317.3576607056549,
    321.181246979217,
    324.57999033349444,
    327.97873368777186,
    331.802319961334,
    335.2010633156114,
    338.59980666988884,
    341.99855002416626,
    345.8221362977284,
    349.2208796520058,
    352.61962300628323,
    356.44320927984535,
    359.8419526341228,
    363.2406959884002,
    367.0642822619623,
    370.46302561623975,
    373.8617689705172,
    377.6853552440793,
    381.0840985983567,
    384.48284195263415,
    388.30642822619626,
    391.7051715804737,
    395.1039149347511,
    398.50265828902855,
    402.32624456259066,
    405.7249879168681,
    409.1237312711455,
    412.9473175447076,
    416.346060898985,
    419.74480425326243,
    423.56839052682454,
    426.967133881102,
    430.3658772353794,
    434.1894635089415,
    437.58820686321894,
    440.98695021749637,
    444.3856935717738,
    448.2092798453359,
    451.60802319961334,
    455.00676655389077,
    458.8303528274529,
    462.2290961817303,
    465.62783953600774,
    469.45142580956986,
    472.8501691638473,
    476.2489125181247,
    480.0724987916868,
    483.47124214596425,
    486.8699855002417,
    490.2687288545191,
    494.0923151280812,
    497.49105848235865,
    500.8898018366361,
    504.71338811019814,
    508.1121314644756,
    511.5108748187531,
    515.3344610923151,
    518.7332044465926,
    522.13194780087,
    525.9555340744321,
    529.3542774287096,
    532.7530207829869,
    536.576607056549,
    539.9753504108265,
    543.3740937651039,
    546.7728371193814,
    550.5964233929435,
    553.9951667472209,
    557.3939101014984,
    561.2174963750605,
    564.6162397293378,
    568.0149830836153,
    571.8385693571774,
    575.2373127114548,
    578.6360560657323,
    582.4596423392943,
    585.8583856935718,
    589.2571290478492,
    592.6558724021266,
    596.4794586756888,
    599.8782020299661,
    603.2769453842436,
    607.1005316578057,
    610.4992750120831,
    613.8980183663606,
    617.7216046399227,
    621.1203479942001,
    624.5190913484776,
    628.3426776220397,
    631.741420976317,
    635.1401643305945,
    638.5389076848719,
    642.362493958434,
    645.7612373127115,
    649.1599806669889,
    652.983566940551,
    656.3823102948285,
    659.7810536491058,
    663.604639922668,
    667.0033832769454,
    670.4021266312228,
    674.2257129047849,
    677.6244562590624,
    681.0231996133398,
    684.4219429676173,
    688.2455292411794,
    691.6442725954568,
    695.0430159497342,
    698.8666022232962,
    702.2653455775737,
    705.6640889318511,
    709.4876752054132,
    712.8864185596907,
    716.2851619139681,
    720.1087481875302,
    723.5074915418077,
    726.906234896085,
    730.7298211696472,
    734.1285645239246,
    737.527307878202,
    740.9260512324795,
    744.7496375060416,
    748.148380860319,
    751.5471242145965,
    755.3707104881586,
    758.769453842436,
    762.1681971967134,
    765.9917834702755,
    769.3905268245529,
    772.7892701788304,
    776.6128564523925,
    780.0115998066699,
    783.4103431609474,
    786.8090865152247,
    790.6326727887869,
    794.0314161430643,
    797.4301594973417,
    801.2537457709038,
    804.6524891251813,
    808.0512324794587,
    811.8748187530208,
    815.2735621072982,
    818.6723054615757,
    822.4958917351378,
    825.8946350894151,
    829.2933784436926,
    832.69212179797,
    836.5157080715321,
    839.9144514258096,
    843.313194780087,
    847.1367810536491,
    850.5355244079266,
    853.934267762204,
    857.7578540357661,
    861.1565973900435,
    864.5553407443209,
    868.378927017883,
    871.7776703721605,
    875.1764137264379,
    879.0
  ],