{
  "sample_rate": 0.319693094629156,
  "period_count": 3,
  "timestamps": [
    0.0,
    2.8390480032271075,
    5.993545784590561,
    9.148043565954012,
    12.302541347317465,
    15.457039128680918,
    18.61153691004437,
    21.766034691407825,
    24.920532472771278,
    28.07503025413473,
    31.229528035498184,
    34.38402581686164,
    37.53852359822509,
    40.693021379588544,
    43.847519160952,
    47.00201694231545,
    50.1565147236789,
    53.311012505042356,
    56.4655102864058,
    59.62000806776925,
    62.77450584913271,
    65.92900363049617,
    69.08350141185961,
    71.92254941508672,
    75.07704719645018,
    78.23154497781363,
    81.38604275917709,
    84.54054054054053,
    87.695038321904,
    90.84953610326744,
    94.0040338846309,
    97.15853166599435,
    100.3130294473578,
    103.46752722872125,
    106.62202501008471,
    109.77652279144816,
    112.9310205728116,
    116.08551835417506,
    119.2400161355385,
    122.39451391690199,
    125.54901169826542,
    128.70350947962888,
    131.85800726099234,
    135.01250504235577,
    138.16700282371923,
    141.3215006050827,
    144.1605486083098,
    147.31504638967326,
    150.4695441710367,
    153.62404195240015,
    156.7785397337636,
    159.93303751512707,
    163.0875352964905,
    166.24203307785396,
    169.39653085921742,
    172.55102864058088,
    175.7055264219443,
    178.86002420330777,
    182.01452198467123,
    185.1690197660347,
    188.32351754739813,
    191.4780153287616,
    194.63251311012505,
    197.78701089148848,
    200.94150867285194,
    204.0960064542154,
    207.25050423557886,
    210.4050020169423,
    213.24405002016942,
    216.39854780153286,
    219.55304558289632,
    222.70754336425978,
    225.8620411456232,
    229.01653892698667,
    232.17103670835013,
    235.3255344897136,
    238.48003227107702,
    241.63453005244048,
    244.78902783380394,
    247.9435256151674,
    251.09802339653083,
    254.25252117789432,
    257.40701895925775,
    260.5615167406212,
    263.7160145219847,
    266.8705123033481,
    270.02501008471154,
    273.179507866075,
    276.33400564743846,
    279.48850342880195,
    282.6430012101654,
    285.4820492133925,
    288.6365469947559,
    291.7910447761194,
    294.94554255748284,
    298.10004033884627,
    301.25453812020976,
    304.4090359015732,
    307.5635336829366,
    310.7180314643001,
    313.87252924566354,
    317.02702702702703,
    320.18152480839046,
    323.3360225897539,
    326.4905203711174,
    329.6450181524808,
    332.79951593384425,
    335.95401371520774,
    339.10851149657117,
    342.26300927793466,
    345.4175070592981,
    348.5720048406615,
    351.726502622025,
    354.88100040338844,
    357.72004840661555,
    360.874546187979,
    364.02904396934247,
    367.1835417507059,
    370.3380395320694,
    373.4925373134328,
    376.64703509479625,
    379.80153287615974,
    382.9560306575232,
    386.1105284388866,
    389.2650262202501,
    392.4195240016135,
    395.57402178297696,
    398.72851956434044,
    401.8830173457039,
    405.03751512706737,
    408.1920129084308,
    411.34651068979423,
    414.5010084711577,
    417.65550625252115,
    420.8100040338846,
    423.96450181524807,
    426.8035498184752,
    429.9580475998386,
    433.1125453812021,
    436.2670431625655,
    439.42154094392896,
    442.57603872529245,
    445.7305365066559,
    448.8850342880193,
    452.0395320693828,
    455.19402985074623,
    458.3485276321097,
    461.50302541347315,
    464.6575231948366,
    467.8120209762001,
    470.9665187575635,
    474.12101653892694,
    477.2755143202904,
    480.43001210165386,
    483.5845098830173,
    486.7390076643808,
    489.8935054457442,
    493.0480032271077,
    496.20250100847113,
    499.04154901169824,
    502.19604679306167,
    505.35054457442516,
    508.50504235578865,
    511.659540137152,
    514.8140379185155,
    517.968535699879,
    521.1230334812424,
    524.2775312626059,
    527.4320290439694,
    530.5865268253327,
    533.7410246066962,
    536.8955223880597,
    540.0500201694231,
    543.2045179507866,
    546.35901573215,
    549.5135135135134,
    552.6680112948769,
    555.8225090762404,
    558.9770068576039,
    562.1315046389673,
    565.2860024203308,
    568.4405002016942,
    571.2795482049213,
    574.4340459862848,
    577.5885437676482,
    580.7430415490117,
    583.8975393303751,
    587.0520371117385,
    590.206534893102,
    593.3610326744655,
    596.515530455829,
    599.6700282371924,
    602.8245260185558,
    605.9790237999193,
    609.1335215812827,
    612.2880193626462,
    615.4425171440097,
    618.5970149253731,
    621.7515127067365,
    624.9060104881,
    628.0605082694634,
    631.2150060508269,
    634.3695038321904,
    637.5240016135538,
    640.3630496167809,
    643.5175473981444,
    646.6720451795078,
    649.8265429608713,
    652.9810407422348,
    656.1355385235981,
    659.2900363049616,
    662.4445340863251,
    665.5990318676885,
    668.753529649052,
    671.9080274304155,
    675.0625252117788,
    678.2170229931423,
    681.3715207745058,
    684.5260185558693,
    687.6805163372327,
    690.8350141185962,
    693.9895118999597,
    697.144009681323,
    700.2985074626865,
    703.45300524405,
    706.6075030254134,
    709.7620008067769,
    712.601048810004,
    715.7555465913674,
    718.9100443727309,
    722.0645421540944,
    725.2190399354578,
    728.3735377168213,
    731.5280354981847,
    734.6825332795481,
    737.8370310609116,
    740.9915288422751,
    744.1460266236385,
    747.300524405002,
    750.4550221863655,
    753.6095199677288,
    756.7640177490923,
    759.9185155304558,
    763.0730133118192,
    766.2275110931827,
    769.3820088745462,
    772.5365066559096,
    775.691004437273,
    778.8455022186365,
    782.0
  ],