{
  "sample_rate": 0.33156498673740054,
  "period_count": 7,
  "timestamps": [
    0.0,
    2.9696730996455294,
    5.939346199291059,
    8.909019298936588,
    11.878692398582118,
    14.848365498227647,
    18.11500590783773,
    21.08467900748326,
    24.05435210712879,
    27.02402520677432,
    29.993698306419848,
    33.26033871602993,
    36.23001181567546,
    39.19968491532099,
    42.16935801496652,
    45.139031114612045,
    48.40567152422213,
    51.37534462386766,
    54.34501772351319,
    57.31469082315872,
    60.284363922804246,
    63.55100433241432,
    66.52067743205986,
    69.49035053170539,
    72.46002363135092,
    75.42969673099645,
    78.69633714060653,
    81.66601024025206,
    84.6356833398976,
    87.60535643954312,
    90.57502953918865,
    93.84166994879874,
    96.81134304844426,
    99.78101614808979,
    102.75068924773532,
    105.72036234738086,
    108.98700275699093,
    111.95667585663647,
    114.926348956282,
    117.89602205592752,
    120.86569515557305,
    124.13233556518313,
    127.10200866482865,
    130.0716817644742,
    133.0413548641197,
    136.01102796376526,
    139.27766837337532,
    142.24734147302087,
    145.2170145726664,
    148.18668767231193,
    151.15636077195745,
    154.42300118156754,
    157.39267428121306,
    160.36234738085858,
    163.33202048050413,
    166.30169358014965,
    169.56833398975974,
    172.53800708940526,
    175.5076801890508,
    178.47735328869632,
    181.44702638834184,
    184.71366679795193,
    187.68333989759748,
    190.653012997243,
    193.62268609688851,
    196.59235919653406,
    199.56203229617958,
    202.82867270578967,
    205.7983458054352,
    208.76801890508074,
    211.73769200472626,
    214.70736510437177,
    217.97400551398187,
    220.94367861362738,
    223.91335171327293,
    226.88302481291845,
    229.852697912564,
    233.11933832217406,
    236.0890114218196,
    239.05868452146512,
    242.02835762111064,
    244.9980307207562,
    248.26467113036625,
    251.2343442300118,
    254.20401732965732,
    257.17369042930284,
    260.1433635289484,
    263.4100039385585,
    266.379677038204,
    269.3493501378495,
    272.31902323749506,
    275.2886963371406,
    278.55533674675064,
    281.5250098463962,
    284.49468294604173,
    287.4643560456873,
    290.4340291453328,
    293.70066955494286,
    296.6703426545884,
    299.6400157542339,
    302.60968885387945,
    305.579361953525,
    308.8460023631351,
    311.8156754627806,
    314.7853485624261,
    317.75502166207167,
    320.72469476171716,
    323.99133517132725,
    326.9610082709728,
    329.93068137061834,
    332.90035447026384,
    335.8700275699094,
    339.1366679795195,
    342.106341079165,
    345.0760141788105,
    348.04568727845606,
    351.0153603781016,
    354.2820007877117,
    357.2516738873572,
    360.22134698700273,
    363.1910200866483,
    366.16069318629377,
    369.42733359590386,
    372.3970066955494,
    375.36667979519495,
    378.33635289484045,
    381.306025994486,
    384.27569909413154,
    387.5423395037416,
    390.5120126033871,
    393.48168570303267,
    396.4513588026782,
    399.4210319023237,
    402.6876723119338,
    405.65734541157934,
    408.62701851122483,
    411.5966916108704,
    414.5663647105159,
    417.833005120126,
    420.8026782197715,
    423.77235131941706,
    426.7420244190626,
    429.7116975187081,
    432.9783379283182,
    435.94801102796373,
    438.9176841276093,
    441.88735722725477,
    444.8570303269003,
    448.1236707365104,
    451.09334383615595,
    454.06301693580144,
    457.032690035447,
    460.00236313509254,
    463.2690035447026,
    466.2386766443481,
    469.20834974399367,
    472.1780228436392,
    475.1476959432847,
    478.4143363528948,
    481.38400945254034,
    484.3536825521859,
    487.3233556518314,
    490.2930287514769,
    493.559669161087,
    496.5293422607325,
    499.49901536037805,
    502.4686884600236,
    505.43836155966915,
    508.7050019692792,
    511.67467506892467,
    514.6443481685702,
    517.6140212682158,
    520.5836943678613,
    523.8503347774714,
    526.820007877117,
    529.7896809767625,
    532.759354076408,
    535.7290271760535,
    538.9956675856636,
    541.9653406853091,
    544.9350137849547,
    547.9046868846002,
    550.8743599842458,
    554.1410003938558,
    557.1106734935013,
    560.0803465931468,
    563.0500196927924,
    566.0196927924379,
    568.9893658920835,
    572.2560063016936,
    575.2256794013391,
    578.1953525009845,
    581.1650256006301,
    584.1346987002756,
    587.4013391098857,
    590.3710122095313,
    593.3406853091768,
    596.3103584088224,
    599.2800315084678,
    602.5466719180779,
    605.5163450177234,
    608.486018117369,
    611.4556912170145,
    614.4253643166601,
    617.6920047262702,
    620.6616778259157,
    623.6313509255612,
    626.6010240252067,
    629.5706971248522,
    632.8373375344623,
    635.8070106341079,
    638.7766837337534,
    641.746356833399,
    644.7160299330444,
    647.9826703426545,
    650.9523434423,
    653.9220165419456,
    656.8916896415911,
    659.8613627412367,
    663.1280031508468,
    666.0976762504922,
    669.0673493501378,
    672.0370224497833,
    675.0066955494289,
    678.273335959039,
    681.2430090586845,
    684.21268215833,
    687.1823552579755,
    690.152028357621,
    693.4186687672311,
    696.3883418668767,
    699.3580149665222,
    702.3276880661678,
    705.2973611658133,
    708.5640015754234,
    711.5336746750688,
    714.5033477747144,
    717.4730208743599,
    720.4426939740055,
    723.7093343836156,
    726.6790074832611,
    729.6486805829066,
    732.6183536825521,
    735.5880267821976,
    738.8546671918077,
    741.8243402914533,
    744.7940133910988,
    747.7636864907444,
    750.7333595903899,
    754.0
  ],