{
  "sample_rate": 0.22401433691756273,
  "period_count": 4,
  "timestamps": [
    0.0,
    4.366303949138037,
    8.869054896686638,
    13.371805844235238,
    17.87455679178384,
    22.37730773933244,
    26.88005868688104,
    31.24636263601907,
    35.74911358356768,
    40.251864531116276,
    44.75461547866488,
    49.25736642621348,
    53.76011737376208,
    58.26286832131068,
    62.62917227044872,
    67.13192321799731,
    71.63467416554592,
    76.13742511309452,
    80.64017606064311,
    85.14292700819172,
    89.50923095732976,
    94.01198190487835,
    98.51473285242696,
    103.01748379997555,
    107.52023474752416,
    112.02298569507276,
    116.52573664262135,
    120.8920405917594,
    125.394791539308,
    129.8975424868566,
    134.4002934344052,
    138.9030443819538,
    143.4057953295024,
    147.77209927864044,
    152.27485022618905,
    156.77760117373765,
    161.28035212128623,
    165.78310306883483,
    170.28585401638344,
    174.78860496393204,
    179.15490891307007,
    183.65765986061868,
    188.16041080816728,
    192.6631617557159,
    197.16591270326447,
    201.66866365081307,
    206.0349675999511,
    210.5377185474997,
    215.0404694950483,
    219.54322044259692,
    224.04597139014552,
    228.54872233769413,
    233.0514732852427,
    237.41777723438076,
    241.92052818192934,
    246.42327912947795,
    250.92603007702655,
    255.4287810245752,
    259.93153197212376,
    264.2978359212618,
    268.8005868688104,
    273.303337816359,
    277.8060887639076,
    282.3088397114562,
    286.8115906590048,
    291.3143416065534,
    295.68064555569146,
    300.18339650324003,
    304.6861474507886,
    309.18889839833724,
    313.6916493458858,
    318.19440029343446,
    322.69715124098303,
    327.0634551901211,
    331.56620613766967,
    336.0689570852183,
    340.5717080327669,
    345.07445898031546,
    349.5772099278641,
    353.9435138770021,
    358.4462648245507,
    362.9490157720993,
    367.45176671964794,
    371.9545176671965,
    376.4572686147451,
    380.9600195622937,
    385.3263235114318,
    389.82907445898036,
    394.33182540652894,
    398.83457635407757,
    403.33732730162615,
    407.8400782491748,
    412.2063821983128,
    416.7091331458614,
    421.21188409341,
    425.71463504095857,
    430.2173859885072,
    434.7201369360558,
    439.2228878836044,
    443.5891918327424,
    448.09194278029105,
    452.5946937278396,
    457.09744467538826,
    461.60019562293684,
    466.1029465704854,
    470.4692505196235,
    474.97200146717205,
    479.4747524147207,
    483.97750336226926,
    488.4802543098179,
    492.9830052573665,
    497.48575620491505,
    501.8520601540531,
    506.35481110160174,
    510.8575620491503,
    515.3603129966989,
    519.8630639442475,
    524.3658148917962,
    528.7321188409342,
    533.2348697884828,
    537.7376207360313,
    542.24037168358,
    546.7431226311286,
    551.2458735786771,
    555.7486245262257,
    560.1149284753637,
    564.6176794229124,
    569.120430370461,
    573.6231813180096,
    578.1259322655582,
    582.6286832131068,
    587.1314341606554,
    591.4977381097934,
    596.0004890573421,
    600.5032400048906,
    605.0059909524392,
    609.5087418999879,
    614.0114928475365,
    618.3777967966745,
    622.8805477442231,
    627.3832986917716,
    631.8860496393203,
    636.3888005868689,
    640.8915515344174,
    645.3943024819661,
    649.7606064311041,
    654.2633573786527,
    658.7661083262013,
    663.26885927375,
    667.7716102212985,
    672.2743611688471,
    676.6406651179851,
    681.1434160655338,
    685.6461670130824,
    690.1489179606309,
    694.6516689081795,
    699.1544198557282,
    703.6571708032767,
    708.0234747524148,
    712.5262256999634,
    717.028976647512,
    721.5317275950606,
    726.0344785426092,
    730.5372294901578,
    734.9035334392959,
    739.4062843868444,
    743.909035334393,
    748.4117862819417,
    752.9145372294902,
    757.4172881770388,
    761.9200391245874,
    766.2863430737254,
    770.7890940212741,
    775.2918449688227,
    779.7945959163712,
    784.2973468639199,
    788.8000978114685,
    793.1664017606065,
    797.6691527081551,
    802.1719036557037,
    806.6746546032523,
    811.1774055508009,
    815.6801564983496,
    820.1829074458981,
    824.5492113950362,
    829.0519623425847,
    833.5547132901333,
    838.057464237682,
    842.5602151852305,
    847.0629661327791,
    851.5657170803278,
    855.9320210294658,
    860.4347719770144,
    864.937522924563,
    869.4402738721116,
    873.9430248196602,
    878.4457757672088,
    882.8120797163468,
    887.3148306638955,
    891.817581611444,
    896.3203325589926,
    900.8230835065413,
    905.3258344540899,
    909.8285854016384,
    914.1948893507765,
    918.697640298325,
    923.2003912458737,
    927.7031421934223,
    932.2058931409708,
    936.7086440885195,
    941.0749480376575,
    945.5776989852061,
    950.0804499327547,
    954.5832008803034,
    959.0859518278519,
    963.5887027754005,
    968.0914537229492,
    972.4577576720872,
    976.9605086196358,
    981.4632595671843,
    985.966010514733,
    990.4687614622816,
    994.9715124098301,
    999.3378163589682,
    1003.8405673065168,
    1008.3433182540654,
    1012.846069201614,
    1017.3488201491626,
    1021.8515710967112,
    1026.3543220442598,
    1030.7206259933978,
    1035.2233769409465,
    1039.726127888495,
    1044.2288788360436,
    1048.7316297835923,
    1053.2343807311408,
    1057.6006846802788,
    1062.1034356278274,
    1066.6061865753761,
    1071.1089375229246,
    1075.6116884704734,
    1080.114439418022,
    1084.6171903655704,
    1088.9834943147084,
    1093.4862452622572,
    1097.9889962098057,
    1102.4917471573542,
    1106.994498104903,
    1111.4972490524515,
    1116.0
  ],